컬럼명,테이블명,설명
# col_name,mbp.twifi_ap,comment
# Partition Information,mbp.twifi_ap,NULL
_bucketname,indb.indb__pcell_lte_utmk_pcell_lte_utmk_idx__,
_offsets,indb.indb__pcell_lte_utmk_pcell_lte_utmk_idx__,
0_female_ingu_sum,mbp.bloc_local_in_out_list_before_2,0~9세 여성 인구 합
0_male_ingu_sum,mbp.bloc_local_in_out_list_before_2,0~9세 남성 인구 합
0_sum_ingu_sum,mbp.bloc_local_in_out_list_before_2,0~9세 인구 합
10_female_ingu_sum,mbp.bloc_local_in_out_list_before_2,10대 여성 인구 합
10_male_ingu_sum,mbp.bloc_local_in_out_list_before_2,10대 남성 인구 합
10_sum_ingu_sum,mbp.bloc_local_in_out_list_before_2,10대 인구 합
20_female_ingu_sum,mbp.bloc_local_in_out_list_before_2,20대 여성 인구 합
20_male_ingu_sum,mbp.bloc_local_in_out_list_before_2,20대 남성 인구 합
20_sum_ingu_sum,mbp.bloc_local_in_out_list_before_2,20대 인구 합
30_female_ingu_sum,mbp.bloc_local_in_out_list_before_2,30대 여성 인구 합
30_male_ingu_sum,mbp.bloc_local_in_out_list_before_2,30대 남성 인구 합
30_sum_ingu_sum,mbp.bloc_local_in_out_list_before_2,30대 인구 합
40_female_ingu_sum,mbp.bloc_local_in_out_list_before_2,40대 여성 인구 합
40_male_ingu_sum,mbp.bloc_local_in_out_list_before_2,40대  남성 인구 합
40_sum_ingu_sum,mbp.bloc_local_in_out_list_before_2,40대  인구 합
50_female_ingu_sum,mbp.bloc_local_in_out_list_before_2,50대 여성 인구 합
50_male_ingu_sum,mbp.bloc_local_in_out_list_before_2,50대 남성 인구 합
50_sum_ingu_sum,mbp.bloc_local_in_out_list_before_2,50대 인구 합
60_female_ingu_sum,mbp.bloc_local_in_out_list_before_2,60대 여성 인구 합
60_male_ingu_sum,mbp.bloc_local_in_out_list_before_2,60대 남성 인구 합
60_sum_ingu_sum,mbp.bloc_local_in_out_list_before_2,60대 인구 합
a_col,mbp.tmp_dual,
a_scd_name,indb.tmap_poimeta_monthly,
a_small_cd,indb.tmap_poimeta_monthly,
active_cnt,mbp.bloc_active_user,
addcameratype,indb.tmap_rprsd,
addr,mbp.twifi_ap,주소
addr_cd,indb.td_zord_svc_addr_ref,
addr_city,indb.cms_subway_info,시
addr_dong,indb.cms_subway_info,동
addr_gu,indb.cms_subway_info,구
addr_id,indb.td_zord_cust,주소 id
adm_cd,mbp.rto_reg_area,행정동 코드
adm_code,mbp.tmp_ingu_0128,행정동 코드
adm_name,mbp.cms_cell_day_adm_daily_view,행정동 이름
adm_rate,mbp.bloc_svc_adm_rate_monthly,행정동 비율
admin_area_cd,indb.td_zord_cust,
adong_cd,mbp.rto_so_area,
adong_nm,mbp.rto_so_area,
af_term_brws_rst_yn,indb.td_zord_cust,
age,mbp.query_hive_20730,나이
age_cd,indb.loc_roaming,나이 코드
age_pred,indb.base_demo_pred_monthly,
age_sctn_cd,mbp.hd_card_dms_mon_sales_est_det,
age0_female,mbp.bloc_od_visitor_sigungu_roaming,0~4세 여성 인구
age0_male,mbp.bloc_od_visitor_sigungu_roaming,0~4세 남성 인구
age10_female,mbp.bloc_od_visitor_sigungu_roaming,10~14세 여성 인구
age10_male,mbp.bloc_od_visitor_sigungu_roaming,10~14세 남성 인구
age100_female,mbp.bloc_od_visitor_sigungu_roaming,100~ 세 여성 인구
age100_male,mbp.bloc_od_visitor_sigungu_roaming,100~ 세 남성 인구
age15_female,mbp.bloc_od_visitor_sigungu_roaming,15~19세 여성인구
age15_male,mbp.bloc_od_visitor_sigungu_roaming,15~19세 남성인구
age20_female,mbp.bloc_od_visitor_sigungu_roaming,20~24세 여성인구
age20_male,mbp.bloc_od_visitor_sigungu_roaming,20~24세 남성인구
age25_female,mbp.bloc_od_visitor_sigungu_roaming,25~29세 여성인구
age25_male,mbp.bloc_od_visitor_sigungu_roaming,25~29세 남성인구
age30_female,mbp.bloc_od_visitor_sigungu_roaming,30~34세 여성인구
age30_male,mbp.bloc_od_visitor_sigungu_roaming,30~34세 남성인구
age35_female,mbp.bloc_od_visitor_sigungu_roaming,35~39세 여성인구
age35_male,mbp.bloc_od_visitor_sigungu_roaming,35~39세 남성인구
age40_female,mbp.bloc_od_visitor_sigungu_roaming,40~44세 여성인구
age40_male,mbp.bloc_od_visitor_sigungu_roaming,40~44세 남성인구
age45_female,mbp.bloc_od_visitor_sigungu_roaming,45~49세 여성인구
age45_male,mbp.bloc_od_visitor_sigungu_roaming,45~49세 남성인구
age50_female,mbp.bloc_od_visitor_sigungu_roaming,50~54세 여성인구
age50_male,mbp.bloc_od_visitor_sigungu_roaming,50~54세 남성인구
age55_female,mbp.bloc_od_visitor_sigungu_roaming,55~59세 여성인구
age55_male,mbp.bloc_od_visitor_sigungu_roaming,55~59세 남성인구
age60_female,mbp.bloc_od_visitor_sigungu_roaming,60~64세 여성인구
age60_male,mbp.bloc_od_visitor_sigungu_roaming,60~64세 남성인구
age65_female,mbp.bloc_od_visitor_sigungu_roaming,65~69세 여성인구
age65_male,mbp.bloc_od_visitor_sigungu_roaming,65~69세 남성인구
age70_female,mbp.bloc_od_visitor_sigungu_roaming,70~74세 여성인구
age70_male,mbp.bloc_od_visitor_sigungu_roaming,70~74세 남성인구
age75_female,mbp.bloc_od_visitor_sigungu_roaming,75~79세 여성인구
age75_male,mbp.bloc_od_visitor_sigungu_roaming,75~79세 남성인구
age80_female,mbp.bloc_od_visitor_sigungu_roaming,80~84세 여성인구
age80_male,mbp.bloc_od_visitor_sigungu_roaming,80~84세 남성인구
age85_female,mbp.bloc_od_visitor_sigungu_roaming,85~89세 여성인구
age85_male,mbp.bloc_od_visitor_sigungu_roaming,85~89세 남성인구
age90_female,mbp.bloc_od_visitor_sigungu_roaming,90~94세 여성인구
age90_male,mbp.bloc_od_visitor_sigungu_roaming,90~94세 남성인구
age95_female,mbp.bloc_od_visitor_sigungu_roaming,95~99세 여성인구
age95_male,mbp.bloc_od_visitor_sigungu_roaming,95~99세 남성인구
all_0_female_ingu_sum,mbp.bloc_local_in_out_list,10대 미만 여성인구 합
all_0_male_ingu_sum,mbp.bloc_local_in_out_list,10대 미만 남성인구 합
all_0_sum_ingu_sum,mbp.bloc_local_in_out_list,10대 미만 인구 합
all_10_female_ingu_sum,mbp.bloc_local_in_out_list,10대 여성인구 합
all_10_male_ingu_sum,mbp.bloc_local_in_out_list,10대 남성인구 합
all_10_sum_ingu_sum,mbp.bloc_local_in_out_list,10대 인구 합
all_20_female_ingu_sum,mbp.bloc_local_in_out_list,20대 여성인구 합
all_20_male_ingu_sum,mbp.bloc_local_in_out_list,20대 남성인구 합
all_20_sum_ingu_sum,mbp.bloc_local_in_out_list,20대 인구 합
all_30_female_ingu_sum,mbp.bloc_local_in_out_list,30대 여성인구 합
all_30_male_ingu_sum,mbp.bloc_local_in_out_list,30대 남성인구 합
all_30_sum_ingu_sum,mbp.bloc_local_in_out_list,30대 인구 합
all_40_female_ingu_sum,mbp.bloc_local_in_out_list,40대 여성인구 합
all_40_male_ingu_sum,mbp.bloc_local_in_out_list,40대 남성인구 합
all_40_sum_ingu_sum,mbp.bloc_local_in_out_list,40대 인구 합
all_50_female_ingu_sum,mbp.bloc_local_in_out_list,50대 여성인구 합
all_50_male_ingu_sum,mbp.bloc_local_in_out_list,50대 남성인구 합
all_50_sum_ingu_sum,mbp.bloc_local_in_out_list,50대 인구 합
all_60_female_ingu_sum,mbp.bloc_local_in_out_list,60대 여성인구 합
all_60_male_ingu_sum,mbp.bloc_local_in_out_list,60대 남성인구 합
all_60_sum_ingu_sum,mbp.bloc_local_in_out_list,60대 인구 합
alterflag,indb.tmap_rprsd,
altitude,indb.cms_enb,
aphus_dong_cd,mbp.quarter_dmm_aphus_ho,
aphus_dong_nm,mbp.quarter_dmm_aphus_ho,
aphus_ho_avg_pyng_prc,mbp.quarter_dmm_aphus_hsmp,
aphus_ho_cd,mbp.quarter_dmm_aphus_ho,
aphus_ho_cnt,mbp.quarter_dmm_aphus_hsmp,
aphus_ho_cnt_10_19py,mbp.quarter_dmm_aphus_hsmp,
aphus_ho_cnt_10py_l,mbp.quarter_dmm_aphus_hsmp,
aphus_ho_cnt_20_29py,mbp.quarter_dmm_aphus_hsmp,
aphus_ho_cnt_30_39py,mbp.quarter_dmm_aphus_hsmp,
aphus_ho_cnt_40_49py,mbp.quarter_dmm_aphus_hsmp,
aphus_ho_cnt_50_abov,mbp.quarter_dmm_aphus_hsmp,
aphus_ho_cnt_prc_05_10l,mbp.quarter_dmm_aphus_hsmp,
aphus_ho_cnt_prc_10_20l,mbp.quarter_dmm_aphus_hsmp,
aphus_ho_cnt_prc_20_30l,mbp.quarter_dmm_aphus_hsmp,
aphus_ho_cnt_prc_30_40l,mbp.quarter_dmm_aphus_hsmp,
aphus_ho_cnt_prc_40_50l,mbp.quarter_dmm_aphus_hsmp,
aphus_ho_cnt_prc_50_60l,mbp.quarter_dmm_aphus_hsmp,
aphus_ho_cnt_prc_60_70l,mbp.quarter_dmm_aphus_hsmp,
aphus_ho_cnt_prc_70_u,mbp.quarter_dmm_aphus_hsmp,
aphus_ho_nm,mbp.quarter_dmm_aphus_ho,
aphus_ho_prc_05_l,mbp.quarter_dmm_aphus_hsmp,
aphus_ho_prc_smtot,mbp.quarter_dmm_aphus_hsmp,
aphus_ho_pyt_smtot,mbp.quarter_dmm_aphus_hsmp,
aphus_hsmp_cd,mbp.quarter_dmm_aphus_hsmp,
aphus_hsmp_nm,mbp.quarter_dmm_aphus_hsmp,
app_cd,indb.app_code,앱 코드
app_id,indb.app_transport,앱 아이디
app_idx,indb.app_code,
app_name,indb.app_code,앱 이름
appver,indb.tmap_rprsd,앱 버전
appversion,indb.tmap_routehistory1,앱 버전
apt_cd,mbp.r114_dmr_apt_size,아파트 코드
apt_nm,mbp.r114_dmr_apt_sale_plan,아파트 이름
apv_cnt,mbp.hd_card_dms_mon_sales_est_sum_gb,
apv_cnt_00tmst,mbp.hd_card_tms_mon_scls_sales_est_time,
apv_cnt_01tmst,mbp.hd_card_tms_mon_scls_sales_est_time,
apv_cnt_02tmst,mbp.hd_card_tms_mon_scls_sales_est_time,
apv_cnt_03tmst,mbp.hd_card_tms_mon_scls_sales_est_time,
apv_cnt_04tmst,mbp.hd_card_tms_mon_scls_sales_est_time,
apv_cnt_05tmst,mbp.hd_card_tms_mon_scls_sales_est_time,
apv_cnt_06tmst,mbp.hd_card_tms_mon_scls_sales_est_time,
apv_cnt_07tmst,mbp.hd_card_tms_mon_scls_sales_est_time,
apv_cnt_08tmst,mbp.hd_card_tms_mon_scls_sales_est_time,
apv_cnt_09tmst,mbp.hd_card_tms_mon_scls_sales_est_time,
apv_cnt_10tmst,mbp.hd_card_tms_mon_scls_sales_est_time,
apv_cnt_11tmst,mbp.hd_card_tms_mon_scls_sales_est_time,
apv_cnt_12tmst,mbp.hd_card_tms_mon_scls_sales_est_time,
apv_cnt_13tmst,mbp.hd_card_tms_mon_scls_sales_est_time,
apv_cnt_14tmst,mbp.hd_card_tms_mon_scls_sales_est_time,
apv_cnt_15tmst,mbp.hd_card_tms_mon_scls_sales_est_time,
apv_cnt_16tmst,mbp.hd_card_tms_mon_scls_sales_est_time,
apv_cnt_17tmst,mbp.hd_card_tms_mon_scls_sales_est_time,
apv_cnt_18tmst,mbp.hd_card_tms_mon_scls_sales_est_time,
apv_cnt_19tmst,mbp.hd_card_tms_mon_scls_sales_est_time,
apv_cnt_20tmst,mbp.hd_card_tms_mon_scls_sales_est_time,
apv_cnt_21tmst,mbp.hd_card_tms_mon_scls_sales_est_time,
apv_cnt_22tmst,mbp.hd_card_tms_mon_scls_sales_est_time,
apv_cnt_23tmst,mbp.hd_card_tms_mon_scls_sales_est_time,
area,mbp.quarter_dmm_sido,지역
area_info,indb.cms_enb,지역 정보
artc_sale_poto_ptcl,mbp.r114_dmr_shop_sale,
asgn_cmrng_cd,indb.loc_roaming,
audit_dtm,indb.td_zord_wlf_dc_cust_hst,
audit_id,indb.td_zord_wlf_dc_cust_hst,
average_speed,indb.tmap_routehistory1,평균 속도
avg_dist,mbp.life_style_match_cell,평균 거리
b_col,mbp.tmp_dual,
background_ny,indb.app_code,
bas_addr,indb.td_zord_svc_addr_ref,
base_id,indb.pcell_cdma,
base_year,mbp.rto_reg_area,
basement_info,indb.cms_ru,
bcode,mbp.parking_time_monthly_rate,
bd_main_num,indb.cms_ru,
bd_mgt_sn,mbp.twifi_ap,
bd_name,indb.cms_ru,
bd_sub_num,indb.cms_ru,
bdong_name,mbp.parking_time_monthly_rate,
beacon_fa,indb.cms_bts,
beacon_tce,indb.cms_bts,
birth_dt,indb.td_zord_cust,
biz_end_sd_ttm,indb.tmap_poimeta_monthly,
biz_flag,indb.tmap_poimeta_monthly,
biz_info,indb.tmap_poimeta_monthly,
biz_start_sd_ttm,indb.tmap_poimeta_monthly,
bizes_cnt,mbp.parking_index_car_weekend_score_sum,
bizes_id,mbp.hd_card_bizmstr_close_building,
bizes_score,mbp.parking_index_car_weekend_score_sum,
bld_mng_no,mbp.hd_card_bizmstr_close_building,
bld_mnno,mbp.hd_card_bizmstr_close_building,
bld_nm,mbp.hd_card_bizmstr_close_building,
bld_no1,indb.tmap_poimeta_monthly,
bld_no2,indb.tmap_poimeta_monthly,
bld_slno,mbp.hd_card_bizmstr_close_building,
block_cd,mbp.rto_so_area,블록 코드
block_code,mbp.bloc_exist_month,블록 코드
block_id,mbp.parking_time_monthly_rate,블록 아이디
branch_id,indb.cms_ru,
branch_name,indb.cms_ru,
brch_nm,mbp.hd_card_bizmstr_close_building,
bsc_id,indb.pcell_cdma,
bsel,indb.life_style_r114_so_area_avg,
bsel_lwprc,mbp.r114_dmr_offc_price,
bsel_prc,mbp.r114_dmr_shop_sale,
bsel_price,indb.life_style_r114_so_area_avg,
bsel_uplv,mbp.r114_dmr_offc_price,
bts_format,indb.cms_enb,
bts_id,indb.pcell_cdma,
bts_name,mbp.cms_enb_juso,
bts_type,indb.cms_enb,
build_name,mbp.cust_info,
buildingid,mbp.cust_info,
buildno,indb.tmap_routehistory1,
bungi,indb.cms_ru,
bungi1,indb.cms_ru,
bungi2,indb.cms_ru,
bungi3,indb.cms_ru,
bz_cd,mbp.r114_dmr_bz_area_price,
bz_lobz_scls_cd,mbp.query_hive_16500,
bz_lwrk_cd,mbp.r114_dmr_bz_area_price,
bz_nm,mbp.r114_dmr_shop_sale,
c_abmv,indb.loc_roaming,
c_adm_code,mbp.bloc_work_tmp_adm,
c_uid,mbp.rto_remake_tmp_before1,기지국 아이디
ca_name,mbp.life_style_match_cell_day,
ca_type,indb.cms_enb,
call_end_time,mbp.query_hive_20730,
call_type,indb.call_points,
car_cnt,mbp.parking_index_car_weekend_score_sum,
car_score,mbp.parking_index_car_weekend_score_sum,
card_ceda_num,indb.cms_bts,
card_cema_num,indb.cms_bts,
card_num,indb.cms_enb,카드 번호
card_type,indb.cms_enb,카드 종류
caroiltype,indb.tmap_rprsd,
cat,indb.call_points,
cate_data,indb.tmap_poimeta_monthly,
cate_nm_t1,indb.tmap_poimeta_monthly,
cate_nm_t2,indb.tmap_poimeta_monthly,
cate_priority,indb.tmap_poimeta_monthly,
category,mbp.life_style_match_cell_day,분류
category_code,indb.tmap_poimeta_monthly,분류 코드
category_major,mbp.twifi_ap,
category_name,indb.tmap_poimeta_category_monthly,분류 명
category1,mbp.life_style_match_time,
cb_name,mbp.life_style_match_cell_day,
cc_name,mbp.life_style_match_cell_day,
cd_name,mbp.life_style_match_cell_day,
cduse_00_amt,mbp.hd_card_dms_mon_sales_est_time,
cduse_01_amt,mbp.hd_card_dms_mon_sales_est_time,
cduse_02_amt,mbp.hd_card_dms_mon_sales_est_time,
cduse_03_amt,mbp.hd_card_dms_mon_sales_est_time,
cduse_04_amt,mbp.hd_card_dms_mon_sales_est_time,
cduse_05_amt,mbp.hd_card_dms_mon_sales_est_time,
cduse_06_amt,mbp.hd_card_dms_mon_sales_est_time,
cduse_07_amt,mbp.hd_card_dms_mon_sales_est_time,
cduse_08_amt,mbp.hd_card_dms_mon_sales_est_time,
cduse_09_amt,mbp.hd_card_dms_mon_sales_est_time,
cduse_10_amt,mbp.hd_card_dms_mon_sales_est_time,
cduse_11_amt,mbp.hd_card_dms_mon_sales_est_time,
cduse_12_amt,mbp.hd_card_dms_mon_sales_est_time,
cduse_13_amt,mbp.hd_card_dms_mon_sales_est_time,
cduse_14_amt,mbp.hd_card_dms_mon_sales_est_time,
cduse_15_amt,mbp.hd_card_dms_mon_sales_est_time,
cduse_16_amt,mbp.hd_card_dms_mon_sales_est_time,
cduse_17_amt,mbp.hd_card_dms_mon_sales_est_time,
cduse_18_amt,mbp.hd_card_dms_mon_sales_est_time,
cduse_19_amt,mbp.hd_card_dms_mon_sales_est_time,
cduse_20_amt,mbp.hd_card_dms_mon_sales_est_time,
cduse_21_amt,mbp.hd_card_dms_mon_sales_est_time,
cduse_22_amt,mbp.hd_card_dms_mon_sales_est_time,
cduse_23_amt,mbp.hd_card_dms_mon_sales_est_time,
cduse_amt,mbp.hd_card_dms_mon_sales_est_sum_gb,
ce_type,indb.app_code,
ce_yn,indb.app_code,
cell_id,mbp.bloc_05_groupby_cell,
cell_lat,indb.pcell_lte_utmk,
cell_lon,indb.pcell_lte_utmk,
cell_name,mbp.cms_cell_day_tmp,
cell_name_bld,mbp.cms_cell_day_tmp,
cell_name_ktx,mbp.cms_cell_day_tmp,
cell_name_rail,mbp.cms_cell_day_tmp,
cell_name_sea,mbp.cms_cell_day_tmp,
cell_name_sub,mbp.cms_cell_day_tmp,
cell_type,indb.cms_enb,
cellnum,indb.cms_subway_ru,
cellnum_hex,indb.cms_subway_ru,
center_wgs84_lat,indb.tmap_poimeta_monthly,
center_wgs84_lon,indb.tmap_poimeta_monthly,
center_x,mbp.quarter_dmm_sido,x좌표
center_y,mbp.quarter_dmm_sido,y좌표
centerdx,mbp.rto_index50_xy_utmk,x좌표
centerdy,mbp.rto_index50_xy_utmk,y좌표
centroidx,mbp.rto_final_before,x좌표
centroidx_avg,mbp.bloc_05_exist_pop_list_tmp,
centroidy,mbp.rto_final_before,y좌표
centroidy_avg,mbp.bloc_05_exist_pop_list_tmp,
channelcd,indb.tmap_rprsd,
check_time,mbp.life_style_match_time,
chg_dt,mbp.hd_card_bizmstr_close_building,
cho_name_data,indb.tmap_poimeta_monthly,
cho_name_org,indb.tmap_poimeta_monthly,
city,indb.cms_ru,도시
city_id,mbp.cust_info,도시 아이디
city_name,mbp.cust_info,도시 명
class_a,indb.tmap_poimeta_monthly,
class_a_name,indb.tmap_poimeta_category_monthly,
class_b,indb.tmap_poimeta_monthly,
class_b_name,indb.tmap_poimeta_category_monthly,
class_c,indb.tmap_poimeta_monthly,
class_c_name,indb.tmap_poimeta_category_monthly,
class_cd_data,indb.tmap_poimeta_monthly,
class_d,indb.tmap_poimeta_monthly,
class_d_name,indb.tmap_poimeta_category_monthly,
class_nm_data,indb.tmap_poimeta_monthly,
clbiz_dt,mbp.hd_card_bizmstr_close_building,
clbiz_sct_nm,mbp.hd_card_bizmstr_close_building,
cluster,mbp.parking_index_wk_plc_pop_index,
cluster_id,indb.base_fmly_cluster_monthly,
cms_flag,indb.cms_ru,
cnt,mbp.bloc_05_exist_pop_cnt_roaming,개수
cntr_org_cd,indb.loc_roaming,
cntrct_mgmt_num,indb.td_zord_svc_addr_ref,
co2_quantity,indb.tmap_routehistory1,
code,mbp.cust_mcc,
comp_nm,indb.call_points,
company_id,indb.cms_enb,
company_name,indb.cms_bts,
connect_rutype,indb.cms_ru,
controlhistoryno,indb.tmap_rprsd,
country,mbp.cust_mcc,나라
crnt_lobz_nm,mbp.r114_dmr_shop_sale,
ctprvn_cd,mbp.hd_card_bizmstr_close_building,
ctprvn_nm,mbp.hd_card_bizmstr_close_building,
ctz_corp_biz_num_pinf,indb.td_zord_cust,
ctz_corp_biz_ser_num,indb.td_zord_cust,
ctz_corp_ser_num,indb.td_zord_wlf_dc_cust_hst,
current_adm_dong_cd,mbp.bloc_od_visitor_dong_roaming,
current_adm_sigungu_cd,mbp.bloc_od_visitor_sigungu_roaming,
cust_age_cd,indb.base_demo_pred_monthly,
cust_cd,mbp.query_hive_20730,
cust_dtl_typ_cd,indb.td_zord_cust,
cust_num,indb.td_zord_svc_addr_ref,
cust_rgst_dt,indb.td_zord_cust,
cust_typ_cd,indb.td_zord_cust,
dangerareaoption,indb.tmap_rprsd,
data_load_dt,mbp.r114_dmr_shop_sale,
data_type,mbp.bloc_statistic_week,
date_str,mbp.comm_holidays,
day_pop,mbp.rto_bin_so_weight,
day_type,mbp.rto_final_before,
db_kind,indb.tmap_poimeta_monthly,
db_type,indb.pcell_wcdma,
dcls_cd,mbp.quarter_dmm_flspnr,
dcls_nm,mbp.quarter_dmm_flspnr,
degreex,mbp.cms_cell_day_adm_daily_view,위도
degreey,mbp.cms_cell_day_adm_daily_view,경도
del_flag,indb.td_zord_wlf_dc_cust_hst,
del_svc_cd,indb.tmap_poimeta_monthly,
depart_name,indb.tmap_routehistory1,
depart_xpos,indb.tmap_rprsd,
depart_ypos,indb.tmap_rprsd,
departname,indb.tmap_rprsd,
desc,indb.tmap_favorate,
description,indb.app_group,설명
dest_name,indb.tmap_rprsd,
dest_option,indb.tmap_rprsd,
dest_poiid,indb.tmap_rprsd,
dest_rpflag,indb.tmap_routehistory1,
dest_xpos,indb.tmap_rprsd,
dest_ypos,indb.tmap_rprsd,
detail,indb.call_points,
detail_addr,mbp.cust_info,
detail_info_yn,indb.tmap_poimeta_monthly,
detaillocflag,indb.tmap_rprsd,
dir,indb.tmap_rprsd,디렉토리
dirpriority,indb.tmap_rprsd,
distance,mbp.rto_n3,
do_cd,mbp.rto_census_adm,
do_code,mbp.parking_time_monthly_rate,
do_name,mbp.rto_census_adm,
dong,mbp.cust_info,동
dong_cnt,mbp.quarter_dmm_aphus_hsmp,동 개수
dong_code,mbp.rto_census_adm,동 코드
dong_id,mbp.cust_info,동 아이디
dong_name,mbp.rto_census_adm,동 이름
dong_no,mbp.hd_card_bizmstr_close_building,동 번호
dst_adm_code,mbp.query_hive_20730,목적지 행정동 코드
dst_adm_end_time,mbp.query_hive_20730,
dst_adm_incoming_time,mbp.query_hive_20730,목적지에 들어온 시간
dst_adm_stay_time,mbp.bloc_od_tmp_roaming,머문 시간
dst_c_uid,mbp.query_hive_20730,목적지 기지국 아이디
dst_cell_id,mbp.query_hive_20730,목적지 기지국 아이디
dt,mbp.twifi_ap,YYYYMMDD
dt_tm,mbp.bloc_05_groupby_cell,YYYYMMDD_
dtl_addr,indb.td_zord_svc_addr_ref,
du_version,indb.cms_enb,
dummy,mbp.dual,
eff_end_dtm,indb.td_zord_wlf_dc_cust_hst,
eff_sta_dtm,indb.td_zord_wlf_dc_cust_hst,
ehi,mbp.quarter_biz_income,
ehi_sum,mbp.quarter_biz_income,
ems_bts_name,indb.cms_enb,
ems_id,indb.cms_enb,
ems_name,indb.cms_enb,
enb_group,indb.cms_enb,
enb_id,mbp.cms_enb_juso,기지국 아이디
enb_id_hex,indb.cms_subway_ru,
end_pop,mbp.rto_bin_so_weight,
enfrc_comp_nm,mbp.r114_dmr_shop_owner,
envversion,indb.tmap_rprsd,
errcode,indb.tmap_rprsd,
est_age,indb.life_style_tms_mon_scls_sales_est_age_so_area_scls_list,
etc_gender,mbp.bloc_od_visitor_sigungu_roaming,
evdo_fa,indb.cms_bts,
evdo_fa_num,indb.cms_bts,
evdo_tce_num,indb.cms_bts,
event_time,mbp.query_hive_20730,
expt_end_dtm,indb.td_zord_wlf_dc_cust_hst,
exst_dc_aply_yn,indb.td_zord_wlf_dc_cust_hst,
fax_num,indb.cms_enb,
female_20_car,mbp.parking_time_monthly_car,
female_20_cnt,mbp.parking_time_monthly,
female_20_rate,mbp.parking_time_monthly_rate,
female_30_car,mbp.parking_time_monthly_car,
female_30_cnt,mbp.parking_time_monthly,
female_30_rate,mbp.parking_time_monthly_rate,
female_40_car,mbp.parking_time_monthly_car,
female_40_cnt,mbp.parking_time_monthly,
female_40_rate,mbp.parking_time_monthly_rate,
female_50_car,mbp.parking_time_monthly_car,
female_50_cnt,mbp.parking_time_monthly,
female_50_rate,mbp.parking_time_monthly_rate,
female_60_car,mbp.parking_time_monthly_car,
female_60_cnt,mbp.parking_time_monthly,
female_60_rate,mbp.parking_time_monthly_rate,
female_car,mbp.parking_time_monthly_car,
female_cnt,mbp.parking_time_monthly,
female_rate,mbp.parking_time_monthly_rate,
fieldx,mbp.cms_ru_juso,
fieldy,mbp.cms_ru_juso,
file_size,indb.loc_input_cnt,
final_pos_cash_rto,mbp.hd_card_dms_dai_sales_est,
final_revision_rto,mbp.hd_card_dms_dai_sales_est,
finc_amt,mbp.r114_shop_rent_so_area,
fix_cnt,indb.pcell_lte_utmk,
flag,mbp.parking_stay_ingu,
floor,mbp.twifi_ap,
floor_cd,mbp.r114_shop_rent_so_area,
floor_cls_cd,mbp.r114_dmr_shop_rent,
floor_cnt,mbp.r114_dmr_shop_owner_detl,
floor_sqmr,mbp.r114_dmr_shop_owner_detl,
flr_no,mbp.hd_card_bizmstr_close_building,
flspnr,mbp.parking_index_m_flspnr_index,
flspnr_cd,mbp.quarter_dmm_flspnr,
flspnr_cnt,mbp.parking_index_dmm_flspnr_cnt,
flspnr_nm,mbp.quarter_dmm_flspnr,
flspnr_nm_dtl,mbp.quarter_dmm_flspnr,
flspnr_score,mbp.parking_index_car_weekend_score_sum,
frequency,indb.cms_ru,
fri_apv_cnt,mbp.hd_card_tms_mon_scls_sales_est_wkdy,
fri_cduse_amt,mbp.query_hive_16500,
fri_price,mbp.hd_card_tms_mon_scls_sales_est_wkdy,
fri_sale_amt,mbp.query_hive_16500,
fuel_saving_cost,indb.tmap_routehistory1,
gas_oil_date,indb.tmap_poimeta_monthly,
gas_oil_price,indb.tmap_poimeta_monthly,
gb_flag,indb.cms_subway_ru,
gen_info,indb.cms_subway_du,
gender,mbp.query_hive_20730,성
gendor,mbp.bloc_move_method,성
gndr_cd,mbp.hd_card_dms_mon_sales_est_det,
gps_flag,indb.cms_enb,
gpsversion,indb.tmap_rprsd,
green_house_gas_reduction,indb.tmap_routehistory1,
group_cd,indb.app_group,
group_name,indb.app_group,
grouptype,indb.tmap_rprsd,
gu,indb.cms_ru,
gu_cd,mbp.parking_index_vehicle_per,
gu_code,mbp.rto_census_adm,
gu_id,mbp.cust_info,
gu_name,mbp.rto_census_adm,
guamt,mbp.r114_shop_rent_so_area,
guamt_lwprc,mbp.r114_dmr_bz_area_price,
guamt_uplv,mbp.r114_dmr_bz_area_price,
gy_name,indb.cms_enb,
gy_sisul_code,indb.cms_enb,
gy_type,indb.cms_enb,
hcode,indb.tmap_poimeta_monthly,
hdcd_affs_cnt,mbp.hd_card_dms_mon_sales_est_sum_gb,
hdong_cd,indb.censors_emd_ingu,
hdong_nm,indb.censors_emd_ingu,
height,indb.cms_enb,
hh,mbp.query_hive_20730,시간
hhld_cnt,mbp.r114_dmr_offc_size,
hhld_xcus_sqmr,mbp.r114_dmr_offc_size,
hhldr_id,indb.td_zord_wlf_dc_cust_hst,
hipassflag,indb.tmap_rprsd,
ho_avg_pyng_prc,mbp.quarter_dmm_aphus_ho,
ho_no,mbp.hd_card_bizmstr_close_building,
holiday,indb.tmap_poimeta_monthly,대한민국 법정 휴일
home_adm_code,mbp.query_hive_20730,거주지 행정동 코드
home_rate,mbp.bloc_work_monthly,거주지 가중치
hosu,mbp.cust_info,
hotel_grade,indb.tmap_poimeta_monthly,호텔 등급
hous,mbp.quarter_biz_income,
hs_num,mbp.r114_dmr_shop_owner,
hsland_seq,mbp.r114_dmr_housing,
iage,indb.base_fmly_rel_pred_monthly,
idtype,indb.tmap_rprsd,
imageformat,indb.tmap_rprsd,
imp_gubun,indb.cms_enb,
imp_gubun1,indb.cms_enb,
imp_gubun2,indb.cms_enb,
imp_gubun3,indb.cms_enb,
important_flag,indb.cms_enb,
imsi,mbp.cust_info,
in_0_female_ingu_sum,mbp.bloc_local_in_out_list,
in_0_male_ingu_sum,mbp.bloc_local_in_out_list,
in_0_sum_ingu_sum,mbp.bloc_local_in_out_list,
in_10_female_ingu_sum,mbp.bloc_local_in_out_list,
in_10_male_ingu_sum,mbp.bloc_local_in_out_list,
in_10_sum_ingu_sum,mbp.bloc_local_in_out_list,
in_20_female_ingu_sum,mbp.bloc_local_in_out_list,
in_20_male_ingu_sum,mbp.bloc_local_in_out_list,
in_20_sum_ingu_sum,mbp.bloc_local_in_out_list,
in_30_female_ingu_sum,mbp.bloc_local_in_out_list,
in_30_male_ingu_sum,mbp.bloc_local_in_out_list,
in_30_sum_ingu_sum,mbp.bloc_local_in_out_list,
in_40_female_ingu_sum,mbp.bloc_local_in_out_list,
in_40_male_ingu_sum,mbp.bloc_local_in_out_list,
in_40_sum_ingu_sum,mbp.bloc_local_in_out_list,
in_50_female_ingu_sum,mbp.bloc_local_in_out_list,
in_50_male_ingu_sum,mbp.bloc_local_in_out_list,
in_50_sum_ingu_sum,mbp.bloc_local_in_out_list,
in_60_female_ingu_sum,mbp.bloc_local_in_out_list,
in_60_male_ingu_sum,mbp.bloc_local_in_out_list,
in_60_sum_ingu_sum,mbp.bloc_local_in_out_list,
in_floor,indb.cms_enb,
income_avg,mbp.query_hive_18414,
indoor,indb.cms_bts,
inds_lcls_cd,mbp.hd_card_bizmstr_close_building,
inds_lcls_nm,mbp.hd_card_bizmstr_close_building,
inds_mcls_cd,mbp.hd_card_bizmstr_close_building,
inds_mcls_nm,mbp.hd_card_bizmstr_close_building,
inds_scls_cd,mbp.hd_card_bizmstr_close_building,
inds_scls_nm,mbp.hd_card_bizmstr_close_building,
info,indb.tmap_poimeta_monthly,
info_pra_agr_op_chg_cd,indb.td_zord_psninf_itm_pra_hst,
ingu_cnt,mbp.parking_stay_ingu,인구 카운트
inqu_store_nm,mbp.r114_dmr_shop_sale,
inqu_tel_num,mbp.r114_dmr_shop_sale,
insert_time,indb.app_code,
install_date,indb.cms_ru,
integ_txt_addr_id,indb.td_zord_svc_addr_ref,
invt_ymd,mbp.r114_dmr_offc_price,
invt_yyyy,mbp.quarter_dmp_wk_plc_pop,
ip,indb.tmap_rprsd,아이피 주소
ipv4_list,indb.app_code,
ipv6_domain_yn,indb.app_code,
ipv6_list,indb.app_code,
isex,indb.base_fmly_rel_pred_monthly,
isvc_mgmt_num,indb.base_fmly_rel_pred_monthly,
itfc_cd,mbp.twifi_ap,
itme_gubun,indb.cms_enb,
j_centroidx,mbp.cms_ru_juso,
j_centroidy,mbp.cms_ru_juso,
jibun,mbp.quarter_dmm_aphus_hsmp,
job_other,indb.tmap_poimeta_monthly,
join_info,indb.tmap_poimeta_monthly,
join_svc_cd,indb.tmap_poimeta_monthly,
juso,mbp.cms_ru_juso,
jw_centroidx,mbp.cms_ru_juso,
jw_centroidy,mbp.cms_ru_juso,
keepalive_dn_size,indb.app_code,
keepalive_up_size,indb.app_code,
kitmodel,indb.tmap_rprsd,
kitver,indb.tmap_rprsd,
ksic_cd,mbp.hd_card_bizmstr_close_building,
ksic_nm,mbp.hd_card_bizmstr_close_building,
ktx,mbp.bloc_move_method,
l_dcd_name,indb.tmap_poimeta_monthly,
l_detail_cd,indb.tmap_poimeta_monthly,
l_scd_name,indb.tmap_poimeta_monthly,
l_small_cd,indb.tmap_poimeta_monthly,
landmark_yn,indb.tmap_poimeta_monthly,
large_cd,indb.tmap_poimeta_monthly,
lasttollid,indb.tmap_rprsd,
lat,mbp.test,
latitude,mbp.twifi_ap,위도
latitude_avg,mbp.bloc_work_monthly,위도
latitude_norm,indb.cms_enb,
latitude_norm_2,indb.cms_ru,
law_code,mbp.rto_final_before,
lbl_name,mbp.life_style_match_cell_day,
lcd_name,indb.tmap_poimeta_monthly,
lcls_cd,mbp.quarter_dmm_flspnr,
lcls_nm,mbp.quarter_dmm_flspnr,
lcode,indb.loc_roaming,
ldong_cd,mbp.rto_so_area,
ldong_nm,mbp.rto_so_area,
length,indb.tmap_rprsd,
lh,indb.life_style_r114_so_area_avg,
lh_lwprc,mbp.r114_dmr_apt_price,
lh_price,indb.life_style_r114_so_area_avg,
lh_uplv,mbp.r114_dmr_apt_price,
light_oil_price,indb.tmap_poimeta_monthly,
linkhistoryno,indb.tmap_rprsd,
linktag,indb.cms_ru,
lno_adr,mbp.hd_card_bizmstr_close_building,
lno_cd,mbp.hd_card_bizmstr_close_building,
lno_mnno,mbp.hd_card_bizmstr_close_building,
lno_slno,mbp.hd_card_bizmstr_close_building,
loc_code,indb.cms_bts,
loc_dt,mbp.query_hive_20730,YYYYMMDD
loc_name,indb.cms_bts,
loc_tm,mbp.query_hive_20730,HHMMSS
logic_del_yn,indb.td_zord_cust,
lon,mbp.hd_card_bizmstr_close_building,
long,mbp.test,
longitude,mbp.twifi_ap,경도
longitude_avg,mbp.bloc_work_monthly,경도
longitude_norm,indb.cms_enb,
longitude_norm_2,indb.cms_ru,
lpg_price,indb.tmap_poimeta_monthly,
m_00,mbp.cust_adm_ingu_cnt,0~4세 남성 인구
m_0009,indb.censors_emd_ingu,
m_10,mbp.cust_adm_ingu_cnt,10~14세 남성 인구
m_1014,indb.censors_emd_ingu,
m_15,mbp.cust_adm_ingu_cnt,15~19세 남성 인구
m_1519,indb.censors_emd_ingu,
m_20,mbp.cust_adm_ingu_cnt,20~24세 남성 인구
m_2024,indb.censors_emd_ingu,
m_25,mbp.cust_adm_ingu_cnt,25~30세 남성 인구
m_2529,indb.censors_emd_ingu,
m_30,mbp.cust_adm_ingu_cnt,30~34세 남성 인구
m_3034,indb.censors_emd_ingu,
m_35,mbp.cust_adm_ingu_cnt,35~39세 남성 인구
m_3539,indb.censors_emd_ingu,
m_40,mbp.cust_adm_ingu_cnt,40~44세 남성 인구
m_4044,indb.censors_emd_ingu,
m_45,mbp.cust_adm_ingu_cnt,45~49세 남성 인구
m_4549,indb.censors_emd_ingu,
m_50,mbp.cust_adm_ingu_cnt,50~54세 남성 인구
m_5054,indb.censors_emd_ingu,
m_55,mbp.cust_adm_ingu_cnt,55~59세 남성 인구
m_5559,indb.censors_emd_ingu,
m_60,mbp.cust_adm_ingu_cnt,60~64세 남성 인구
m_6064,indb.censors_emd_ingu,
m_60u,mbp.age_gb,
m_65,mbp.cust_adm_ingu_cnt,65~69세 남성 인구
m_6569,indb.censors_emd_ingu,
m_70,mbp.cust_adm_ingu_cnt,70~74세 남성 인구
m_70u,indb.censors_emd_ingu,
m_aphus_ho_avg_pyng_prc,mbp.r114_apt_bas_value_hsmp_info,
m_aphus_ho_cnt,mbp.r114_apt_bas_value_hsmp_info,
m_aphus_ho_cnt_10_19py,mbp.r114_apt_bas_value_hsmp_info,
m_aphus_ho_cnt_10py_l,mbp.r114_apt_bas_value_hsmp_info,
m_aphus_ho_cnt_20_29py,mbp.r114_apt_bas_value_hsmp_info,
m_aphus_ho_cnt_30_39py,mbp.r114_apt_bas_value_hsmp_info,
m_aphus_ho_cnt_40_49py,mbp.r114_apt_bas_value_hsmp_info,
m_aphus_ho_cnt_50_abov,mbp.r114_apt_bas_value_hsmp_info,
m_aphus_ho_cnt_prc_05_10l,mbp.r114_apt_bas_value_hsmp_info,
m_aphus_ho_cnt_prc_10_20l,mbp.r114_apt_bas_value_hsmp_info,
m_aphus_ho_cnt_prc_20_30l,mbp.r114_apt_bas_value_hsmp_info,
m_aphus_ho_cnt_prc_30_40l,mbp.r114_apt_bas_value_hsmp_info,
m_aphus_ho_cnt_prc_40_50l,mbp.r114_apt_bas_value_hsmp_info,
m_aphus_ho_cnt_prc_50_60l,mbp.r114_apt_bas_value_hsmp_info,
m_aphus_ho_cnt_prc_60_70l,mbp.r114_apt_bas_value_hsmp_info,
m_aphus_ho_cnt_prc_70_u,mbp.r114_apt_bas_value_hsmp_info,
m_aphus_ho_prc_05_l,mbp.r114_apt_bas_value_hsmp_info,
m_aphus_ho_prc_smtot,mbp.r114_apt_bas_value_hsmp_info,
m_aphus_ho_pyt_smtot,mbp.r114_apt_bas_value_hsmp_info,
m_aphus_hsmp_cd,mbp.r114_apt_bas_value_hsmp_info,
m_aphus_hsmp_nm,mbp.r114_apt_bas_value_hsmp_info,
m_block_cd,mbp.r114_apt_bas_value_hsmp_info,
m_dong_cnt,mbp.r114_apt_bas_value_hsmp_info,
m_flspnr_cnt,mbp.parking_index_dmm_m_flspnr_cnt,
m_flspnr_score,mbp.parking_index_car_weekend_score_sum,
m10_cduse_amt,mbp.hd_card_dms_mon_sales_est_age,
m10_sale_amt,mbp.hd_card_dms_mon_sales_est_age,
m20_cduse_amt,mbp.hd_card_dms_mon_sales_est_age,
m20_sale_amt,mbp.hd_card_dms_mon_sales_est_age,
m30_cduse_amt,mbp.hd_card_dms_mon_sales_est_age,
m30_sale_amt,mbp.hd_card_dms_mon_sales_est_age,
m40_cduse_amt,mbp.hd_card_dms_mon_sales_est_age,
m40_sale_amt,mbp.hd_card_dms_mon_sales_est_age,
m50_cduse_amt,mbp.hd_card_dms_mon_sales_est_age,
m50_sale_amt,mbp.hd_card_dms_mon_sales_est_age,
m60_cduse_amt,mbp.hd_card_dms_mon_sales_est_age,
m60_sale_amt,mbp.hd_card_dms_mon_sales_est_age,
mac,mbp.twifi_ap,
mac_address,indb.cms_enb,
macaddress,indb.tmap_routehistory1,
main_dayofweek,indb.life_spend_ecommerce_monthly,
main_dayofweek_use_cnt,indb.life_spend_ecommerce_monthly,
main_dayofweek_use_cnt2,indb.life_spend_ecommerce_monthly,
main_dayofweek_use_prop,indb.life_spend_ecommerce_monthly,
main_dayofweek_use_prop2,indb.life_spend_ecommerce_monthly,
main_dayofweek2,indb.life_spend_ecommerce_monthly,
main_demand_cust_ptcl,mbp.r114_dmr_bz_area_price,
main_hh,indb.life_spend_ecommerce_monthly,
main_hh_use_cnt,indb.life_spend_ecommerce_monthly,
main_hh_use_cnt2,indb.life_spend_ecommerce_monthly,
main_hh_use_prop,indb.life_spend_ecommerce_monthly,
main_hh_use_prop2,indb.life_spend_ecommerce_monthly,
main_hh2,indb.life_spend_ecommerce_monthly,
main_hs_num,mbp.quarter_dmm_aphus_hsmp,
main_obj_cd,indb.life_spend_ecommerce_monthly,
main_obj_cd2,indb.life_spend_ecommerce_monthly,
main_obj_nm,indb.life_spend_ecommerce_monthly,
main_obj_nm2,indb.life_spend_ecommerce_monthly,
main_obj_use_cnt,indb.life_spend_ecommerce_monthly,
main_obj_use_cnt2,indb.life_spend_ecommerce_monthly,
main_obj_use_prop,indb.life_spend_ecommerce_monthly,
main_obj_use_prop2,indb.life_spend_ecommerce_monthly,
main_trar_no,mbp.hd_card_bizmstr_close_building,
main_usge_nm,mbp.r114_dmr_offc_base,
maintenance_group,indb.cms_bts,
male_20_car,mbp.parking_time_monthly_car,
male_20_cnt,mbp.parking_time_monthly,
male_20_rate,mbp.parking_time_monthly_rate,
male_30_car,mbp.parking_time_monthly_car,
male_30_cnt,mbp.parking_time_monthly,
male_30_rate,mbp.parking_time_monthly_rate,
male_40_car,mbp.parking_time_monthly_car,
male_40_cnt,mbp.parking_time_monthly,
male_40_rate,mbp.parking_time_monthly_rate,
male_50_car,mbp.parking_time_monthly_car,
male_50_cnt,mbp.parking_time_monthly,
male_50_rate,mbp.parking_time_monthly_rate,
male_60_car,mbp.parking_time_monthly_car,
male_60_cnt,mbp.parking_time_monthly,
male_60_rate,mbp.parking_time_monthly_rate,
male_car,mbp.parking_time_monthly_car,
male_cnt,mbp.parking_time_monthly,
male_rate,mbp.parking_time_monthly_rate,
man_apv_cnt_10g,mbp.hd_card_tms_mon_scls_sales_est_age,
man_apv_cnt_20g,mbp.hd_card_tms_mon_scls_sales_est_age,
man_apv_cnt_30g,mbp.hd_card_tms_mon_scls_sales_est_age,
man_apv_cnt_40g,mbp.hd_card_tms_mon_scls_sales_est_age,
man_apv_cnt_50g,mbp.hd_card_tms_mon_scls_sales_est_age,
man_apv_cnt_60gu,mbp.hd_card_tms_mon_scls_sales_est_age,
man_cnt_14_l,mbp.quarter_dmp_wk_plc_pop,
man_cnt_15_19,mbp.quarter_dmp_wk_plc_pop,
man_cnt_20_24,mbp.quarter_dmp_wk_plc_pop,
man_cnt_25_29,mbp.quarter_dmp_wk_plc_pop,
man_cnt_30_34,mbp.quarter_dmp_wk_plc_pop,
man_cnt_35_39,mbp.quarter_dmp_wk_plc_pop,
man_cnt_40_44,mbp.quarter_dmp_wk_plc_pop,
man_cnt_45_49,mbp.quarter_dmp_wk_plc_pop,
man_cnt_50_54,mbp.quarter_dmp_wk_plc_pop,
man_cnt_55_59,mbp.quarter_dmp_wk_plc_pop,
man_cnt_60_64,mbp.quarter_dmp_wk_plc_pop,
man_cnt_65_u,mbp.quarter_dmp_wk_plc_pop,
man_price_10g,mbp.hd_card_tms_mon_scls_sales_est_age,
man_price_20g,mbp.hd_card_tms_mon_scls_sales_est_age,
man_price_30g,mbp.hd_card_tms_mon_scls_sales_est_age,
man_price_40g,mbp.hd_card_tms_mon_scls_sales_est_age,
man_price_50g,mbp.hd_card_tms_mon_scls_sales_est_age,
man_price_60gu,mbp.hd_card_tms_mon_scls_sales_est_age,
man_sale_amt_10g,mbp.hd_card_tms_mon_scls_sales_est_age,
man_sale_amt_20g,mbp.hd_card_tms_mon_scls_sales_est_age,
man_sale_amt_30g,mbp.hd_card_tms_mon_scls_sales_est_age,
man_sale_amt_40g,mbp.hd_card_tms_mon_scls_sales_est_age,
man_sale_amt_50g,mbp.hd_card_tms_mon_scls_sales_est_age,
man_sale_amt_60gu,mbp.hd_card_tms_mon_scls_sales_est_age,
manversion,indb.tmap_rprsd,
maoperator,indb.cms_enb,
mapart_id,indb.cms_bts,
mapdbversion,indb.tmap_rprsd,
mapversion,indb.tmap_rprsd,
master_ip,indb.cms_enb,
master_ip_2,indb.cms_enb,
master_ip_3,indb.cms_enb,
master_ip_4,indb.cms_enb,
match_id,mbp.life_style_match_cell_day,
mateam_id,indb.cms_bts,
max,mbp.parking_index_wk_plc_pop_index,최대값
max_hh,indb.life_visit_poi_monthly,
max_sale_amt,indb.life_style_tms_mon_scls_sales_est_wh_so_area_scls_list,
max_speed,indb.tmap_routehistory1,
mc_type,indb.cms_enb,
mcc,mbp.cust_forein_visit,
mcd_name,indb.tmap_poimeta_monthly,
mcls_cd,mbp.quarter_dmm_flspnr,
mcls_nm,mbp.quarter_dmm_flspnr,
mdn,indb.tmap_rprsd,
mem_cnt,indb.base_fmly_cluster_monthly,
merchant_id,mbp.hd_card_hd_stdym,
middle_cd,indb.tmap_poimeta_monthly,
middlegroup,indb.tmap_rprsd,
min,mbp.parking_index_wk_plc_pop_index,
min_hh,indb.life_visit_poi_monthly,
mkt_div_org_cd,indb.loc_roaming,
mm,mbp.query_hive_20730,MM
mm_rcvmbr_lwprc,mbp.r114_dmr_bz_area_price,
mm_rcvmbr_uplv,mbp.r114_dmr_bz_area_price,
mme_grp_id,indb.cms_enb,
mobile_num,indb.cms_enb,
modelno,indb.tmap_routehistory1,
mon_apv_cnt,mbp.hd_card_tms_mon_scls_sales_est_wkdy,
mon_cduse_amt,mbp.query_hive_16500,
mon_price,mbp.hd_card_tms_mon_scls_sales_est_wkdy,
mon_sale_amt,mbp.query_hive_16500,
month,mbp.bloc_work_temp_0125,달
month_rent_amt,mbp.r114_shop_rent_so_area,
mopas_wlf_typ_cd,indb.td_zord_wlf_dc_cust_hst,
mppcount,indb.tmap_rprsd,
msc_id,indb.pcell_wcdma,
mstate,indb.tmap_rprsd,
mtso_name,indb.cms_enb,
mtso_team_id,indb.cms_enb,
mtso_team_name,indb.cms_enb,
mvgn_pr_ymd,mbp.r114_dmr_apt_owner_base,
mvgn_prog_state_ctt,mbp.r114_dmr_offc_base,
mvgn_psby_time_info,mbp.r114_dmr_shop_sale,
mvgn_ymd,mbp.r114_dmr_shop_owner,
mvgn_yyyy,mbp.r114_dmr_apt_sale_plan,
mzcompany,indb.cms_enb,
n_adm_code,mbp.bloc_svc_adm_rate_monthly,
name,mbp.comm_holidays,이름
name_data,indb.tmap_poimeta_monthly,
name_org,indb.tmap_poimeta_monthly,
name1,indb.tmap_poimeta_monthly,
name2,indb.tmap_poimeta_monthly,
name4,indb.tmap_poimeta_monthly,
nat_cd,indb.td_zord_cust,
nation_geovision,mbp.cust_forein_visit_tmp,
nation_name,mbp.cust_forein_visit_tmp,
nav_seq,indb.tmap_poimeta_monthly,
nav_type,indb.tmap_poimeta_monthly,
nav_wgs84_lat,indb.tmap_poimeta_monthly,
nav_wgs84_lon,indb.tmap_poimeta_monthly,
nav_x,indb.tmap_poimeta_monthly,
nav_y,indb.tmap_poimeta_monthly,
new_city_sctn_cd,mbp.r114_dmr_apt_sale_plan,
new_zipcd,mbp.hd_card_bizmstr_close_building,
nhic_yn,indb.td_zord_wlf_dc_cust_hst,
nid,indb.pcell_cdma,
no,mbp.rto_n3,
nodeb_id,indb.pcell_wcdma,
nodehistoryno,indb.tmap_rprsd,
ofc_cnt,mbp.r114_dmr_shop_owner_detl,
offc_cd,mbp.r114_dmr_offc_size,
offct_cd,mbp.r114_dmr_offc_price,
offct_nm,mbp.r114_dmr_offc_base,
oil_attr,indb.tmap_poimeta_monthly,
old_zipcd,mbp.hd_card_bizmstr_close_building,
onm_ip,indb.cms_enb,
op_dtm,indb.td_zord_psninf_itm_pra_hst,
op_sale_org_id,indb.td_zord_psninf_itm_pra_hst,
op_type,indb.tmap_poimeta_monthly,
opbiz_dt,mbp.hd_card_bizmstr_close_building,
opbiz_sct_nm,mbp.hd_card_bizmstr_close_building,
open_bizes_nm,mbp.hd_card_bizmstr_close_building,
oper_dt_hms,indb.td_zord_wlf_dc_cust_hst,
operator,indb.cms_bts,
opr_id,indb.td_zord_psninf_itm_pra_hst,
opr_status,indb.cms_ru,
opteam_id,indb.cms_ru,
opteam_name,indb.cms_ru,
order_seq,indb.cms_subway_section_info,
ostype,indb.tmap_routehistory1,
osversion,indb.tmap_routehistory1,
out_0_female_ingu_sum,mbp.bloc_local_in_out_list,
out_0_male_ingu_sum,mbp.bloc_local_in_out_list,
out_0_sum_ingu_sum,mbp.bloc_local_in_out_list,
out_10_female_ingu_sum,mbp.bloc_local_in_out_list,
out_10_male_ingu_sum,mbp.bloc_local_in_out_list,
out_10_sum_ingu_sum,mbp.bloc_local_in_out_list,
out_20_female_ingu_sum,mbp.bloc_local_in_out_list,
out_20_male_ingu_sum,mbp.bloc_local_in_out_list,
out_20_sum_ingu_sum,mbp.bloc_local_in_out_list,
out_30_female_ingu_sum,mbp.bloc_local_in_out_list,
out_30_male_ingu_sum,mbp.bloc_local_in_out_list,
out_30_sum_ingu_sum,mbp.bloc_local_in_out_list,
out_40_female_ingu_sum,mbp.bloc_local_in_out_list,
out_40_male_ingu_sum,mbp.bloc_local_in_out_list,
out_40_sum_ingu_sum,mbp.bloc_local_in_out_list,
out_50_female_ingu_sum,mbp.bloc_local_in_out_list,
out_50_male_ingu_sum,mbp.bloc_local_in_out_list,
out_50_sum_ingu_sum,mbp.bloc_local_in_out_list,
out_60_female_ingu_sum,mbp.bloc_local_in_out_list,
out_60_male_ingu_sum,mbp.bloc_local_in_out_list,
out_60_sum_ingu_sum,mbp.bloc_local_in_out_list,
p_cuid,mbp.cms_ru_juso,
p_seq,indb.cms_subway_info,
packet_dump_size,indb.app_code,
pagename,mbp.parking_index_tmap_weekend_cnt,
park_yn,indb.tmap_poimeta_monthly,
parking_cnt,mbp.parking_index_parking_cnt,
parking_score,mbp.parking_index_car_weekend_score_sum,
part_id,indb.cms_ru,
part_name,indb.cms_ru,
past_arrdate,indb.tmap_rprsd,
past_arrtime,indb.tmap_rprsd,
past_posx,indb.tmap_rprsd,
past_posy,indb.tmap_rprsd,
past_sessionid,indb.tmap_rprsd,
pathhistoryno,indb.tmap_rprsd,
pblntf_prc,mbp.quarter_dmm_aphus_ho,
pbsc_id,indb.cms_bts,
pcell_a_pos_lat,indb.pcell_cdma,
pcell_a_pos_lon,indb.pcell_cdma,
pcell_b_pos_lat,indb.pcell_cdma,
pcell_b_pos_lon,indb.pcell_cdma,
pcell_c_pos_lat,indb.pcell_cdma,
pcell_c_pos_lon,indb.pcell_cdma,
pcell_center_pos_lat,indb.pcell_wcdma,
pcell_center_pos_lon,indb.pcell_wcdma,
pcell_d_pos_lat,indb.pcell_cdma,
pcell_d_pos_lon,indb.pcell_cdma,
pcell_id,indb.pcell_cdma,
pcell_latitude,indb.pcell_cdma,위도
pcell_longitude,indb.pcell_cdma,경도
pci,indb.cms_ru,
pcsm_alpha_0,indb.cms_bts,
pcsm_alpha_1,indb.cms_bts,
pcsm_alpha_2,indb.cms_bts,
pcsm_alpha_2_0,indb.cms_bts,
pcsm_alpha_2_1,indb.cms_bts,
pcsm_alpha_2_2,indb.cms_bts,
pcsm_alpha_2_3,indb.cms_bts,
pcsm_alpha_2_4,indb.cms_bts,
pcsm_alpha_2_5,indb.cms_bts,
pcsm_alpha_3,indb.cms_bts,
pcsm_alpha_4,indb.cms_bts,
pcsm_alpha_5,indb.cms_bts,
pcsm_beta_0,indb.cms_bts,
pcsm_beta_1,indb.cms_bts,
pcsm_beta_2,indb.cms_bts,
pcsm_beta_2_0,indb.cms_bts,
pcsm_beta_2_1,indb.cms_bts,
pcsm_beta_2_2,indb.cms_bts,
pcsm_beta_2_3,indb.cms_bts,
pcsm_beta_2_4,indb.cms_bts,
pcsm_beta_2_5,indb.cms_bts,
pcsm_beta_3,indb.cms_bts,
pcsm_beta_4,indb.cms_bts,
pcsm_beta_5,indb.cms_bts,
pcsm_delta_0,indb.cms_bts,
pcsm_delta_1,indb.cms_bts,
pcsm_delta_2,indb.cms_bts,
pcsm_delta_3,indb.cms_bts,
pcsm_delta_4,indb.cms_bts,
pcsm_delta_5,indb.cms_bts,
pcsm_epsilon_0,indb.cms_bts,
pcsm_epsilon_1,indb.cms_bts,
pcsm_epsilon_2,indb.cms_bts,
pcsm_epsilon_3,indb.cms_bts,
pcsm_epsilon_4,indb.cms_bts,
pcsm_epsilon_5,indb.cms_bts,
pcsm_gamma_0,indb.cms_bts,
pcsm_gamma_1,indb.cms_bts,
pcsm_gamma_2,indb.cms_bts,
pcsm_gamma_2_0,indb.cms_bts,
pcsm_gamma_2_1,indb.cms_bts,
pcsm_gamma_2_2,indb.cms_bts,
pcsm_gamma_2_3,indb.cms_bts,
pcsm_gamma_2_4,indb.cms_bts,
pcsm_gamma_2_5,indb.cms_bts,
pcsm_gamma_3,indb.cms_bts,
pcsm_gamma_4,indb.cms_bts,
pcsm_gamma_5,indb.cms_bts,
pcsm_zeta_0,indb.cms_bts,
pcsm_zeta_1,indb.cms_bts,
pcsm_zeta_2,indb.cms_bts,
pcsm_zeta_3,indb.cms_bts,
pcsm_zeta_4,indb.cms_bts,
pcsm_zeta_5,indb.cms_bts,
pctl,indb.life_style_tms_mon_scls_sales_est_so_area_scls_upjong,
per,indb.life_style_tms_mon_scls_sales_est_so_area_scls_list,
phone_data,indb.tmap_poimeta_monthly,
phonemodel,indb.tmap_rprsd,
pkey,indb.tmap_poimeta_monthly,
pkg_group,indb.cms_enb,
place_name,indb.tmap_poimeta_monthly,
pld_ru_name,indb.cms_ru,
plot_sct_cd,mbp.hd_card_bizmstr_close_building,
plot_sct_nm,mbp.hd_card_bizmstr_close_building,
pm_c_uid,indb.cms_bts,
pn_alpha,indb.cms_bts,
pn_beta,indb.cms_bts,
pn_gamma,indb.cms_bts,
pns_rp_flag,indb.tmap_poimeta_monthly,
pns_wgs84_lat,indb.tmap_poimeta_monthly,
pns_wgs84_lon,indb.tmap_poimeta_monthly,
pns_x,indb.tmap_poimeta_monthly,
pns_y,indb.tmap_poimeta_monthly,
poi_cls_cd,mbp.quarter_dmm_flspnr,
poi_group_info,indb.tmap_poimeta_monthly,
poi_id,mbp.quarter_dmm_flspnr,
poi_name1,mbp.life_style_match_cell_day,
poi_name2,mbp.life_style_match_cell_day,
poi_type,indb.life_visit_poi_monthly,
point_x,mbp.life_style_match_cell,
point_y,mbp.life_style_match_cell,
points,indb.call_points,
pop,mbp.rto_final_before,
pop_cnt,mbp.parking_index_car_weekend_score_sum,
pop_m_0009,mbp.quarter_dmp_sex_age_pop,
pop_m_1019,mbp.quarter_dmp_sex_age_pop,
pop_m_2024,mbp.quarter_dmp_sex_age_pop,
pop_m_2529,mbp.quarter_dmp_sex_age_pop,
pop_m_3034,mbp.quarter_dmp_sex_age_pop,
pop_m_3539,mbp.quarter_dmp_sex_age_pop,
pop_m_4044,mbp.quarter_dmp_sex_age_pop,
pop_m_4549,mbp.quarter_dmp_sex_age_pop,
pop_m_5054,mbp.quarter_dmp_sex_age_pop,
pop_m_5559,mbp.quarter_dmp_sex_age_pop,
pop_m_6064,mbp.quarter_dmp_sex_age_pop,
pop_m_6500,mbp.quarter_dmp_sex_age_pop,
pop_score,mbp.parking_index_car_weekend_score_sum,
pop_sum,mbp.parking_index_dmp_wk_plc_pop_sum,
pop_w_0009,mbp.quarter_dmp_sex_age_pop,
pop_w_1019,mbp.quarter_dmp_sex_age_pop,
pop_w_2024,mbp.quarter_dmp_sex_age_pop,
pop_w_2529,mbp.quarter_dmp_sex_age_pop,
pop_w_3034,mbp.quarter_dmp_sex_age_pop,
pop_w_3539,mbp.quarter_dmp_sex_age_pop,
pop_w_4044,mbp.quarter_dmp_sex_age_pop,
pop_w_4549,mbp.quarter_dmp_sex_age_pop,
pop_w_5054,mbp.quarter_dmp_sex_age_pop,
pop_w_5559,mbp.quarter_dmp_sex_age_pop,
pop_w_6064,mbp.quarter_dmp_sex_age_pop,
pop_w_6500,mbp.quarter_dmp_sex_age_pop,
port_id,indb.cms_subway_ru,
port_list,indb.app_code,
post1,indb.cms_ru,
post2,indb.cms_ru,
premi,mbp.r114_shop_rent_so_area,
premi_lwprc,mbp.r114_dmr_bz_area_price,
premi_uplv,mbp.r114_dmr_bz_area_price,
premium_gas_price,indb.tmap_poimeta_monthly,
premium_gas_yn,indb.tmap_poimeta_monthly,
premium_light_oil_price,indb.tmap_poimeta_monthly,
previous_adm_dong_cd,mbp.bloc_od_visitor_dong_roaming,
previous_adm_sigungu_cd,mbp.bloc_od_visitor_sigungu_roaming,
price,mbp.quarter_xxx_biz_std_land_price,
price_00tmst,mbp.hd_card_tms_mon_scls_sales_est_time,
price_01tmst,mbp.hd_card_tms_mon_scls_sales_est_time,
price_02tmst,mbp.hd_card_tms_mon_scls_sales_est_time,
price_03tmst,mbp.hd_card_tms_mon_scls_sales_est_time,
price_04tmst,mbp.hd_card_tms_mon_scls_sales_est_time,
price_05tmst,mbp.hd_card_tms_mon_scls_sales_est_time,
price_06tmst,mbp.hd_card_tms_mon_scls_sales_est_time,
price_07tmst,mbp.hd_card_tms_mon_scls_sales_est_time,
price_08tmst,mbp.hd_card_tms_mon_scls_sales_est_time,
price_09tmst,mbp.hd_card_tms_mon_scls_sales_est_time,
price_10tmst,mbp.hd_card_tms_mon_scls_sales_est_time,
price_11tmst,mbp.hd_card_tms_mon_scls_sales_est_time,
price_12tmst,mbp.hd_card_tms_mon_scls_sales_est_time,
price_13tmst,mbp.hd_card_tms_mon_scls_sales_est_time,
price_14tmst,mbp.hd_card_tms_mon_scls_sales_est_time,
price_15tmst,mbp.hd_card_tms_mon_scls_sales_est_time,
price_16tmst,mbp.hd_card_tms_mon_scls_sales_est_time,
price_17tmst,mbp.hd_card_tms_mon_scls_sales_est_time,
price_18tmst,mbp.hd_card_tms_mon_scls_sales_est_time,
price_19tmst,mbp.hd_card_tms_mon_scls_sales_est_time,
price_20tmst,mbp.hd_card_tms_mon_scls_sales_est_time,
price_21tmst,mbp.hd_card_tms_mon_scls_sales_est_time,
price_22tmst,mbp.hd_card_tms_mon_scls_sales_est_time,
price_23tmst,mbp.hd_card_tms_mon_scls_sales_est_time,
primary_bun,indb.tmap_poimeta_monthly,
priority,indb.tmap_poimeta_monthly,
proc_clss,mbp.quarter_xxx_biz_std_land_price,
processid,indb.tmap_rprsd,
productcode,indb.tmap_rprsd,
protocol,indb.app_code,
protocolversion,indb.tmap_rprsd,
ps_c_uid,indb.cms_bts,
psc,indb.pcell_wcdma,
psninf_pagr_chnl_cd,indb.td_zord_psninf_itm_pra_hst,
psninf_pagr_cl_cd,indb.td_zord_psninf_itm_pra_hst,
psninf_pagr_frmt_typ_cd,indb.td_zord_psninf_itm_pra_hst,
psninf_pagr_frmt_ver_num,indb.td_zord_psninf_itm_pra_hst,
psninf_pagr_itm_cd,indb.td_zord_psninf_itm_pra_hst,
psninf_pagr_itm_ver_num,indb.td_zord_psninf_itm_pra_hst,
pstl,indb.life_style_biz_income_so_area_avg,
pub_type,indb.tmap_poimeta_monthly,
pye_admn_not,mbp.r114_shop_rent_so_area,
pye_sale_lwprc,mbp.r114_dmr_shop_owner_detl,
pye_sale_uplv,mbp.r114_dmr_shop_owner_detl,
pyt_cd,mbp.r114_shop_rent_so_area,
pyt_sctn_cd,mbp.r114_dmr_offc_size,
r_apt_cd,mbp.r114_apt_bas_value_hsmp_info,
r_apt_nm,mbp.r114_apt_bas_value_hsmp_info,
r_bsel_lwprc,mbp.r114_apt_bas_value_hsmp_info,
r_bsel_uplv,mbp.r114_apt_bas_value_hsmp_info,
r_dt,mbp.test,
r_hhld_cnt,mbp.r114_apt_bas_value_hsmp_info,
r_hhld_xcus_sqmr,mbp.r114_apt_bas_value_hsmp_info,
r_hsland_seq,mbp.r114_apt_bas_value_hsmp_info,
r_invt_ymd,mbp.r114_apt_bas_value_hsmp_info,
r_lat,mbp.test,
r_lh_lwprc,mbp.r114_apt_bas_value_hsmp_info,
r_lh_uplv,mbp.r114_apt_bas_value_hsmp_info,
r_long,mbp.test,
r_mvgn_yyyy,mbp.r114_apt_bas_value_hsmp_info,
r_new_city_sctn_cd,mbp.r114_apt_bas_value_hsmp_info,
r_pyt_cd,mbp.r114_apt_bas_value_hsmp_info,
r_pyt_sctn_cd,mbp.r114_apt_bas_value_hsmp_info,
r_sale_ymd,mbp.r114_apt_bas_value_hsmp_info,
r_totl_hhld_cnt,mbp.r114_apt_bas_value_hsmp_info,
r114_thing_type_nm,mbp.r114_dmr_shop_sale,
rail,mbp.bloc_move_method,
rank_list,indb.life_style_tms_mon_scls_sales_est_wkdy_so_area_scls_list,
rate,mbp.bloc_work_tmp_adm,
rate_sum,mbp.bloc_05_exist_pop_cnt_roaming,
rcmt_lobz_nm,mbp.r114_dmr_shop_sale,
rcmt_usge_ctt,mbp.r114_dmr_shop_sale,
rdnm,mbp.hd_card_bizmstr_close_building,
rdnm_adr,mbp.hd_card_bizmstr_close_building,
rdnm_cd,mbp.hd_card_bizmstr_close_building,
real_estimation_time,indb.tmap_routehistory1,
recommend1_nowflag,indb.tmap_rprsd,
recommend1_totallength,indb.tmap_rprsd,
recommend1_totalpattertime,indb.tmap_rprsd,
recommend1_totalrealtimerctraveltime,indb.tmap_rprsd,
recommend1_totaltollfee,indb.tmap_rprsd,
recommend1_totaltrafficrctime,indb.tmap_rprsd,
recommend1_totalvctime,indb.tmap_rprsd,
recommend2_nowflag,indb.tmap_rprsd,
recommend2_totallength,indb.tmap_rprsd,
recommend2_totalpattertime,indb.tmap_rprsd,
recommend2_totalrealtimerctraveltime,indb.tmap_rprsd,
recommend2_totaltollfee,indb.tmap_rprsd,
recommend2_totaltrafficrctime,indb.tmap_rprsd,
recommend2_totalvctime,indb.tmap_rprsd,
record_id,indb.index50,
recordid,mbp.rto_index50_xy_utmk,
ref_pn1,indb.pcell_cdma,
reg_cd,mbp.rto_final_before,
reg_code,mbp.bloc_exist_month,
region_id,indb.cms_enb,
rel_cd,indb.base_fmly_rel_pred_monthly,
rel_prob,indb.base_fmly_rel_pred_monthly,
relv_floor_cnt,mbp.r114_dmr_shop_sale,
rep_size,indb.loc_input_cnt,
req_date,indb.tmap_rprsd,
req_size,indb.tmap_rprsd,
req_time,indb.tmap_rprsd,
reqoption1,indb.tmap_rprsd,
reqoption2,indb.tmap_rprsd,
reqoption3,indb.tmap_rprsd,
reqoption4,indb.tmap_rprsd,
reqoption5,indb.tmap_rprsd,
rerpflag,indb.tmap_rprsd,
research_cnt,indb.tmap_routehistory1,
resolution,indb.tmap_routehistory1,
resp_size,indb.tmap_rprsd,
resp_time,indb.tmap_rprsd,
rgn_cmrng_cd,indb.loc_roaming,
rgst_sale_org_id,indb.td_zord_wlf_dc_cust_hst,
rgst_ymd,mbp.r114_dmr_shop_sale,
rlse_sale_org_id,indb.td_zord_wlf_dc_cust_hst,
rmod_id,indb.cms_ru,
rnc_id,indb.pcell_wcdma,
rnm_auth_mthd_cd,indb.td_zord_cust,
rnm_check_yn,indb.td_zord_cust,
road,indb.tmap_poimeta_monthly,
road_dong,indb.cms_ru,
road_floor,indb.cms_ru,
road_ho,indb.cms_ru,
road_id,indb.tmap_poimeta_monthly,
road_law_dong,indb.cms_ru,
road_law_ri,indb.cms_ru,
road_main_no,mbp.cust_info,
road_name,mbp.cust_info,
road_pstn_sctn_cd,mbp.r114_dmr_bz_area_price,
road_sub_no,mbp.cust_info,
roadtype,indb.tmap_rprsd,
route_revisiting_count,indb.tmap_routehistory1,
route_sessionid,indb.tmap_routehistory1,
routeenddivision,indb.tmap_routehistory1,
rp_flag,indb.tmap_poimeta_monthly,
rpcontrolflag,indb.tmap_rprsd,
rpflag,indb.tmap_rprsd,
rsdlogfilename,indb.tmap_rprsd,
ru_name,mbp.cms_ru_juso,
s_c_uid,mbp.rto_final_before,
s_sector,mbp.rto_final_before,
sale_00_amt,mbp.hd_card_dms_mon_sales_est_time,
sale_01_amt,mbp.hd_card_dms_mon_sales_est_time,
sale_02_amt,mbp.hd_card_dms_mon_sales_est_time,
sale_03_amt,mbp.hd_card_dms_mon_sales_est_time,
sale_04_amt,mbp.hd_card_dms_mon_sales_est_time,
sale_05_amt,mbp.hd_card_dms_mon_sales_est_time,
sale_06_amt,mbp.hd_card_dms_mon_sales_est_time,
sale_07_amt,mbp.hd_card_dms_mon_sales_est_time,
sale_08_amt,mbp.hd_card_dms_mon_sales_est_time,
sale_09_amt,mbp.hd_card_dms_mon_sales_est_time,
sale_10_amt,mbp.hd_card_dms_mon_sales_est_time,
sale_11_amt,mbp.hd_card_dms_mon_sales_est_time,
sale_12_amt,mbp.hd_card_dms_mon_sales_est_time,
sale_13_amt,mbp.hd_card_dms_mon_sales_est_time,
sale_14_amt,mbp.hd_card_dms_mon_sales_est_time,
sale_15_amt,mbp.hd_card_dms_mon_sales_est_time,
sale_16_amt,mbp.hd_card_dms_mon_sales_est_time,
sale_17_amt,mbp.hd_card_dms_mon_sales_est_time,
sale_18_amt,mbp.hd_card_dms_mon_sales_est_time,
sale_19_amt,mbp.hd_card_dms_mon_sales_est_time,
sale_20_amt,mbp.hd_card_dms_mon_sales_est_time,
sale_21_amt,mbp.hd_card_dms_mon_sales_est_time,
sale_22_amt,mbp.hd_card_dms_mon_sales_est_time,
sale_23_amt,mbp.hd_card_dms_mon_sales_est_time,
sale_ag_nm,mbp.r114_dmr_shop_owner,
sale_ag_rps_tlno,mbp.r114_dmr_shop_owner,
sale_amt,mbp.r114_dmr_shop_sale,
sale_amt_00tmst,mbp.hd_card_tms_mon_scls_sales_est_time,
sale_amt_01tmst,mbp.hd_card_tms_mon_scls_sales_est_time,
sale_amt_02tmst,mbp.hd_card_tms_mon_scls_sales_est_time,
sale_amt_03tmst,mbp.hd_card_tms_mon_scls_sales_est_time,
sale_amt_04tmst,mbp.hd_card_tms_mon_scls_sales_est_time,
sale_amt_05tmst,mbp.hd_card_tms_mon_scls_sales_est_time,
sale_amt_06tmst,mbp.hd_card_tms_mon_scls_sales_est_time,
sale_amt_07tmst,mbp.hd_card_tms_mon_scls_sales_est_time,
sale_amt_08tmst,mbp.hd_card_tms_mon_scls_sales_est_time,
sale_amt_09tmst,mbp.hd_card_tms_mon_scls_sales_est_time,
sale_amt_10tmst,mbp.hd_card_tms_mon_scls_sales_est_time,
sale_amt_11tmst,mbp.hd_card_tms_mon_scls_sales_est_time,
sale_amt_12tmst,mbp.hd_card_tms_mon_scls_sales_est_time,
sale_amt_13tmst,mbp.hd_card_tms_mon_scls_sales_est_time,
sale_amt_14tmst,mbp.hd_card_tms_mon_scls_sales_est_time,
sale_amt_15tmst,mbp.hd_card_tms_mon_scls_sales_est_time,
sale_amt_16tmst,mbp.hd_card_tms_mon_scls_sales_est_time,
sale_amt_17tmst,mbp.hd_card_tms_mon_scls_sales_est_time,
sale_amt_18tmst,mbp.hd_card_tms_mon_scls_sales_est_time,
sale_amt_19tmst,mbp.hd_card_tms_mon_scls_sales_est_time,
sale_amt_20tmst,mbp.hd_card_tms_mon_scls_sales_est_time,
sale_amt_21tmst,mbp.hd_card_tms_mon_scls_sales_est_time,
sale_amt_22tmst,mbp.hd_card_tms_mon_scls_sales_est_time,
sale_amt_23tmst,mbp.hd_card_tms_mon_scls_sales_est_time,
sale_amt_avg,mbp.hd_card_dms_mon_sales_est_sum_gb,
sale_card_amt,mbp.hd_card_dms_mon_sales_est,
sale_cash_amt,mbp.hd_card_dms_mon_sales_est,
sale_per,indb.life_style_tms_mon_scls_sales_est_wkdy_so_area_scls_list,
sale_state_ctt,mbp.r114_dmr_offc_base,
sale_ymd,mbp.r114_dmr_shop_owner,
san_flag,indb.tmap_poimeta_monthly,
sat_apv_cnt,mbp.hd_card_tms_mon_scls_sales_est_wkdy,
sat_cduse_amt,mbp.query_hive_16500,
sat_price,mbp.hd_card_tms_mon_scls_sales_est_wkdy,
sat_sale_amt,mbp.query_hive_16500,
scls_cd,mbp.quarter_dmm_flspnr,
scls_nm,mbp.quarter_dmm_flspnr,
score,mbp.parking_index_wk_plc_pop_index,
sea,mbp.bloc_move_method,
searchposcount,indb.tmap_rprsd,
secondary_bun,indb.tmap_poimeta_monthly,
section_city,indb.cms_subway_section_info,
section_dong,indb.cms_subway_section_info,
section_gu,indb.cms_subway_section_info,
section_latitude,indb.cms_subway_section_info,
section_longitude,indb.cms_subway_section_info,
section_seq,indb.cms_subway_section_info,
sector,mbp.rto_remake_tmp_before1,
sector_num,indb.cms_bts,
sequence_id,indb.cms_subway_ru,
serialnumber,indb.cms_ru,
server,indb.tmap_routehistory1,
servertype,indb.tmap_routehistory1,
service_floor,indb.cms_enb,
service_type,indb.cms_enb,
sessionid,indb.tmap_rprsd,
sessionid2,indb.tmap_rprsd,
sex,mbp.bloc_svc_adm_rate_monthly,
sex_cd,indb.td_zord_cust,
sex_cd_pred,indb.base_demo_pred_monthly,
sex_cd_prob,indb.base_demo_pred_monthly,
sgng_cd,mbp.rto_so_area,
sgng_nm,mbp.rto_so_area,
sgrp,indb.cms_enb,
sgsn_id,indb.cms_bts,
sh_scls_cd,mbp.hd_card_dms_mon_sales_est_det,
shape_area,mbp.rto_reg_area,
shape_leng,mbp.rto_reg_area,
sid,indb.tmap_poimeta_monthly,
sido_cd,mbp.rto_so_area,
sido_name,mbp.parking_index_vehicle_per,
sido_nm,mbp.rto_so_area,
sidogu_name,mbp.parking_index_vehicle_per,
signgu_cd,mbp.hd_card_bizmstr_close_building,
signgu_nm,mbp.hd_card_bizmstr_close_building,
sigun_cd,mbp.parking_index_wk_plc_pop_index,
sigun_code,mbp.parking_index_gu_sigun_match,
sigun_nm,indb.censors_emd_ingu,
sigungu,mbp.bloc_od_sigungu_tmp3,
sigungu_time,mbp.bloc_od_sigungu_tmp3,
sisul_code,mbp.cms_ru_juso,
site_cd,indb.app_code,
site_name,mbp.twifi_ap,
skt_active_ingu,mbp.bloc_statistic_hour,
skt_cnt,mbp.tmp_ingu_0128,
skt_exist_ingu,mbp.bloc_statistic_hour,
skt_home_ingu,mbp.bloc_statistic_hour,
skt_ingu_avg,mbp.bloc_exist_inflow_time_list,
skt_ingu_sum,mbp.bloc_exist_inflow_gender_age_list,
skt_rate,mbp.bloc_05_inflow_pop_list,
skt_work_ingu,mbp.bloc_statistic_hour,
source,indb.tmap_rprsd,
spdmr_ctz_ser_num,indb.td_zord_wlf_dc_cust_hst,
spdmr_cust_nm,indb.td_zord_wlf_dc_cust_hst,
sps_cd,mbp.r114_dmr_shop_owner_detl,
sps_nm,mbp.r114_dmr_shop_sale,
sps_type_nm,mbp.r114_dmr_shop_sale,
sqmr,mbp.r114_shop_rent_so_area,
sqmrpw_meter,mbp.quarter_dmm_aphus_ho,
square_id,indb.pcell_wcdma,
src_adm_code,mbp.query_hive_20730,
src_c_uid,mbp.query_hive_20730,
src_cell_id,mbp.query_hive_20730,
src_sigungu,mbp.bloc_od_sigungu_tmp,
srfc_totl_floor_cnt,mbp.r114_dmr_shop_owner,
ssum_dsrct_cd,indb.loc_roaming,
station,indb.cms_subway_info,
station_flag,indb.cms_subway_info,
status,mbp.twifi_ap,
stay_expir_dt,indb.td_zord_cust,
stay_qualf_cd,indb.td_zord_cust,
std_ym,mbp.rto_bin_so_weight,
std_ymd,mbp.hd_card_tms_dai_scls_sales_est_time,
std_yyyy,mbp.rto_so_area,
sub_hs_num,mbp.quarter_dmm_aphus_hsmp,
subway,mbp.bloc_move_method,
subway_city,indb.cms_subway_info,
subway_code,indb.cms_subway_ru,
subway_code1,indb.cms_subway_section_info,
subway_code2,indb.cms_subway_section_info,
subway_kind,indb.tmap_poimeta_monthly,
subway_line,indb.cms_subway_info,
subway_seq,indb.cms_subway_info,
sum,mbp.parking_index_car_weekend_score_sum,
sum_pop,mbp.rto_final_before,
sun_apv_cnt,mbp.hd_card_tms_mon_scls_sales_est_wkdy,
sun_cduse_amt,mbp.query_hive_16500,
sun_price,mbp.hd_card_tms_mon_scls_sales_est_wkdy,
sun_sale_amt,mbp.query_hive_16500,
svc_adm_rate,mbp.query_hive_20730,
svc_cd,mbp.query_hive_20730,
svc_mgmt_num,indb.td_zord_wlf_dc_cust_hst,
svc_num,indb.td_zord_svc_addr_ref,
svctype,indb.tmap_routehistory1,
switch_info,indb.cms_enb,
switch_info2,indb.cms_enb,
switch_info3,indb.cms_enb,
switch_info4,indb.cms_enb,
sym_desc,mbp.life_style_match_cell_day,
t00_car,mbp.parking_time_monthly_car,
t00_cnt,mbp.parking_time_monthly,
t00_rate,mbp.parking_time_monthly_rate,
t00_total_cnt,mbp.parking_time_xy_monthly_t2,
t01_car,mbp.parking_time_monthly_car,
t01_cnt,mbp.parking_time_monthly,
t01_rate,mbp.parking_time_monthly_rate,
t01_total_cnt,mbp.parking_time_xy_monthly_t2,
t02_car,mbp.parking_time_monthly_car,
t02_cnt,mbp.parking_time_monthly,
t02_rate,mbp.parking_time_monthly_rate,
t02_total_cnt,mbp.parking_time_xy_monthly_t2,
t03_car,mbp.parking_time_monthly_car,
t03_cnt,mbp.parking_time_monthly,
t03_rate,mbp.parking_time_monthly_rate,
t03_total_cnt,mbp.parking_time_xy_monthly_t2,
t04_car,mbp.parking_time_monthly_car,
t04_cnt,mbp.parking_time_monthly,
t04_rate,mbp.parking_time_monthly_rate,
t04_total_cnt,mbp.parking_time_xy_monthly_t2,
t05_car,mbp.parking_time_monthly_car,
t05_cnt,mbp.parking_time_monthly,
t05_rate,mbp.parking_time_monthly_rate,
t05_total_cnt,mbp.parking_time_xy_monthly_t2,
t06_car,mbp.parking_time_monthly_car,
t06_cnt,mbp.parking_time_monthly,
t06_rate,mbp.parking_time_monthly_rate,
t06_total_cnt,mbp.parking_time_xy_monthly_t2,
t07_car,mbp.parking_time_monthly_car,
t07_cnt,mbp.parking_time_monthly,
t07_rate,mbp.parking_time_monthly_rate,
t07_total_cnt,mbp.parking_time_xy_monthly_t2,
t08_car,mbp.parking_time_monthly_car,
t08_cnt,mbp.parking_time_monthly,
t08_rate,mbp.parking_time_monthly_rate,
t08_total_cnt,mbp.parking_time_xy_monthly_t2,
t09_car,mbp.parking_time_monthly_car,
t09_cnt,mbp.parking_time_monthly,
t09_rate,mbp.parking_time_monthly_rate,
t09_total_cnt,mbp.parking_time_xy_monthly_t2,
t10_car,mbp.parking_time_monthly_car,
t10_cnt,mbp.parking_time_monthly,
t10_rate,mbp.parking_time_monthly_rate,
t10_total_cnt,mbp.parking_time_xy_monthly_t2,
t11_car,mbp.parking_time_monthly_car,
t11_cnt,mbp.parking_time_monthly,
t11_rate,mbp.parking_time_monthly_rate,
t11_total_cnt,mbp.parking_time_xy_monthly_t2,
t12_car,mbp.parking_time_monthly_car,
t12_cnt,mbp.parking_time_monthly,
t12_rate,mbp.parking_time_monthly_rate,
t12_total_cnt,mbp.parking_time_xy_monthly_t2,
t13_car,mbp.parking_time_monthly_car,
t13_cnt,mbp.parking_time_monthly,
t13_rate,mbp.parking_time_monthly_rate,
t13_total_cnt,mbp.parking_time_xy_monthly_t2,
t14_car,mbp.parking_time_monthly_car,
t14_cnt,mbp.parking_time_monthly,
t14_rate,mbp.parking_time_monthly_rate,
t14_total_cnt,mbp.parking_time_xy_monthly_t2,
t15_car,mbp.parking_time_monthly_car,
t15_cnt,mbp.parking_time_monthly,
t15_rate,mbp.parking_time_monthly_rate,
t15_total_cnt,mbp.parking_time_xy_monthly_t2,
t16_car,mbp.parking_time_monthly_car,
t16_cnt,mbp.parking_time_monthly,
t16_rate,mbp.parking_time_monthly_rate,
t16_total_cnt,mbp.parking_time_xy_monthly_t2,
t17_car,mbp.parking_time_monthly_car,
t17_cnt,mbp.parking_time_monthly,
t17_rate,mbp.parking_time_monthly_rate,
t17_total_cnt,mbp.parking_time_xy_monthly_t2,
t18_car,mbp.parking_time_monthly_car,
t18_cnt,mbp.parking_time_monthly,
t18_rate,mbp.parking_time_monthly_rate,
t18_total_cnt,mbp.parking_time_xy_monthly_t2,
t19_car,mbp.parking_time_monthly_car,
t19_cnt,mbp.parking_time_monthly,
t19_rate,mbp.parking_time_monthly_rate,
t19_total_cnt,mbp.parking_time_xy_monthly_t2,
t20_car,mbp.parking_time_monthly_car,
t20_cnt,mbp.parking_time_monthly,
t20_rate,mbp.parking_time_monthly_rate,
t20_total_cnt,mbp.parking_time_xy_monthly_t2,
t21_car,mbp.parking_time_monthly_car,
t21_cnt,mbp.parking_time_monthly,
t21_rate,mbp.parking_time_monthly_rate,
t21_total_cnt,mbp.parking_time_xy_monthly_t2,
t22_car,mbp.parking_time_monthly_car,
t22_cnt,mbp.parking_time_monthly,
t22_rate,mbp.parking_time_monthly_rate,
t22_total_cnt,mbp.parking_time_xy_monthly_t2,
t23_car,mbp.parking_time_monthly_car,
t23_cnt,mbp.parking_time_monthly,
t23_rate,mbp.parking_time_monthly_rate,
t23_total_cnt,mbp.parking_time_xy_monthly_t2,
ta,indb.cms_enb,
tagvalue,indb.cms_ru,
tar_c_uid,mbp.rto_n3,
tar_sector,mbp.rto_n3,
tce_fa,indb.cms_bts,
tcnt,mbp.bloc_work_tmp_20190211,
tdate,indb.loc_input_cnt,
tel_num,indb.cms_enb,
telno,mbp.hd_card_bizmstr_close_building,
thing_cd,mbp.r114_dmr_shop_sale,
thing_cnt,mbp.r114_shop_rent_so_area,
thour,indb.loc_input_cnt,
thu_apv_cnt,mbp.hd_card_tms_mon_scls_sales_est_wkdy,
thu_cduse_amt,mbp.query_hive_16500,
thu_price,mbp.hd_card_tms_mon_scls_sales_est_wkdy,
thu_sale_amt,mbp.query_hive_16500,
ticketid,indb.tmap_rprsd,
time_advance,indb.pcell_lte_utmk,
tmap_cnt,mbp.parking_index_car_weekend_score_sum,
tmap_score,mbp.parking_index_car_weekend_score_sum,
tmap_sum,mbp.parking_index_tmap_weekend_cnt,
tmst,indb.life_style_tms_mon_scls_sales_est_time_so_area_scls_list,
tmst_cd,mbp.hd_card_dms_mon_sales_est_det,
tollcartype,indb.tmap_rprsd,
tot_active_ingu,mbp.bloc_statistic_hour,
tot_cnt,mbp.bloc_snapshot_month,
tot_exist_ingu,mbp.bloc_statistic_hour,
tot_fa,indb.cms_bts,
tot_floor,indb.cms_enb,
tot_home_ingu,mbp.bloc_statistic_hour,
tot_reg_cd,mbp.rto_reg_area,
tot_tce,indb.cms_bts,
tot_work_ingu,mbp.bloc_statistic_hour,
total_car,mbp.parking_time_monthly_car,
total_cnt,mbp.parking_tmp,
total_count,mbp.bloc_od_visitor_sigungu_roaming,
total_distance,indb.tmap_routehistory1,
total_ingu_avg,mbp.bloc_exist_inflow_time_list,
total_ingu_sum,mbp.bloc_exist_inflow_gender_age_list,
total_rate,mbp.parking_time_monthly_rate,
total_stay_average,mbp.bloc_od_stay_sigungu_roaming,
total_time,indb.tmap_routehistory1,
total_traffic,indb.app_transport,
totl_floor_cnt,mbp.r114_dmr_shop_sale,
totl_hhld_cnt,mbp.r114_dmr_offc_base,
totl_ofc_cnt,mbp.r114_dmr_shop_owner,
traffictime,indb.tmap_rprsd,
transfer_flag,indb.cms_subway_info,
trcode,indb.tmap_rprsd,
trnv,mbp.r114_dmr_bz_area_price,
trroom_name,indb.cms_bts,
trroom_tel_num,indb.cms_bts,
trteam_name,indb.cms_bts,
tsdversion,indb.tmap_rprsd,
ttar,mbp.r114_dmr_shop_owner,
tus_apv_cnt,mbp.hd_card_tms_mon_scls_sales_est_wkdy,
tus_cduse_amt,mbp.query_hive_16500,
tus_price,mbp.hd_card_tms_mon_scls_sales_est_wkdy,
tus_sale_amt,mbp.query_hive_16500,
tvas_estimation_time,indb.tmap_routehistory1,
twifi_zone_name,mbp.twifi_ap,
type,mbp.rto_final_before,
uc_id,indb.pcell_wcdma,
udgr_totl_floor_cnt,mbp.r114_dmr_shop_owner,
under10_female_ingu,mbp.bloc_od_dong_view,
under10_female_ingu_per,mbp.bloc_05_exist_pop_list_daily_view,
under10_ingu,mbp.bloc_od_dong_view,
under10_male_ingu,mbp.bloc_od_dong_view,
under10_male_ingu_per,mbp.bloc_05_exist_pop_list_daily_view,
under20_female_ingu,mbp.bloc_od_dong_view,
under20_female_ingu_per,mbp.bloc_05_exist_pop_list_daily_view,
under20_ingu,mbp.bloc_od_dong_view,
under20_male_ingu,mbp.bloc_od_dong_view,
under20_male_ingu_per,mbp.bloc_05_exist_pop_list_daily_view,
under30_female_ingu,mbp.bloc_od_dong_view,
under30_female_ingu_per,mbp.bloc_05_exist_pop_list_daily_view,
under30_ingu,mbp.bloc_od_dong_view,
under30_male_ingu,mbp.bloc_od_dong_view,
under30_male_ingu_per,mbp.bloc_05_exist_pop_list_daily_view,
under40_female_ingu,mbp.bloc_od_dong_view,
under40_female_ingu_per,mbp.bloc_05_exist_pop_list_daily_view,
under40_ingu,mbp.bloc_od_dong_view,
under40_male_ingu,mbp.bloc_od_dong_view,
under40_male_ingu_per,mbp.bloc_05_exist_pop_list_daily_view,
under50_female_ingu,mbp.bloc_od_dong_view,
under50_female_ingu_per,mbp.bloc_05_exist_pop_list_daily_view,
under50_ingu,mbp.bloc_od_dong_view,
under50_male_ingu,mbp.bloc_od_dong_view,
under50_male_ingu_per,mbp.bloc_05_exist_pop_list_daily_view,
under60_female_ingu,mbp.bloc_od_dong_view,
under60_female_ingu_per,mbp.bloc_05_exist_pop_list_daily_view,
under60_ingu,mbp.bloc_od_dong_view,
under60_male_ingu,mbp.bloc_od_dong_view,
under60_male_ingu_per,mbp.bloc_05_exist_pop_list_daily_view,
update_date,indb.cms_ru,
update_time,indb.app_code,
update_user,indb.app_code,
update_user_id,indb.cms_enb,
upper60_female_ingu,mbp.bloc_od_dong_view,
upper60_female_ingu_per,mbp.bloc_05_exist_pop_list_daily_view,
upper60_ingu,mbp.bloc_od_dong_view,
upper60_ingu_per,mbp.bloc_05_exist_pop_list_daily_view,
upper60_male_ingu,mbp.bloc_od_dong_view,
upper60_male_ingu_per,mbp.bloc_05_exist_pop_list_daily_view,
use_cate,mbp.quarter_xxx_biz_std_land_price,
use_cnt,indb.life_spend_ecommerce_monthly,
use_cnt2,indb.life_spend_ecommerce_monthly,
use_obj_cnt,indb.life_spend_ecommerce_monthly,
use_obj_cnt2,indb.life_spend_ecommerce_monthly,
use_yn,indb.app_code,
user_key,indb.tmap_rprsd,
utmk_lat,indb.pcell_lte_utmk,
utmk_lon,indb.pcell_lte_utmk,
utmx,mbp.rto_remake_tmp,
utmy,mbp.rto_remake_tmp,
vendor,indb.cms_ru,
vendor_id,indb.cms_ru,
visit_cnt,mbp.cust_forein_visit_tmp,
visit_time,mbp.life_style_match_cell_day,
vlan_info,indb.cms_enb,
vlan_info2,indb.cms_enb,
vlan_info3,indb.cms_enb,
vlan_info4,indb.cms_enb,
w_00,mbp.cust_adm_ingu_cnt,
w_0009,indb.censors_emd_ingu,
w_10,mbp.cust_adm_ingu_cnt,
w_1014,indb.censors_emd_ingu,
w_15,mbp.cust_adm_ingu_cnt,
w_1519,indb.censors_emd_ingu,
w_20,mbp.cust_adm_ingu_cnt,
w_2024,indb.censors_emd_ingu,
w_25,mbp.cust_adm_ingu_cnt,
w_2529,indb.censors_emd_ingu,
w_30,mbp.cust_adm_ingu_cnt,
w_3034,indb.censors_emd_ingu,
w_35,mbp.cust_adm_ingu_cnt,
w_3539,indb.censors_emd_ingu,
w_40,mbp.cust_adm_ingu_cnt,
w_4044,indb.censors_emd_ingu,
w_45,mbp.cust_adm_ingu_cnt,
w_4549,indb.censors_emd_ingu,
w_50,mbp.cust_adm_ingu_cnt,
w_5054,indb.censors_emd_ingu,
w_55,mbp.cust_adm_ingu_cnt,
w_5559,indb.censors_emd_ingu,
w_60,mbp.cust_adm_ingu_cnt,
w_6064,indb.censors_emd_ingu,
w_60u,mbp.age_gb,
w_65,mbp.cust_adm_ingu_cnt,
w_6569,indb.censors_emd_ingu,
w_70,mbp.cust_adm_ingu_cnt,
w_70u,indb.censors_emd_ingu,
w_centroidx,mbp.rto_final_before,
w_centroidy,mbp.rto_final_before,
w10_cduse_amt,mbp.hd_card_dms_mon_sales_est_age,
w10_sale_amt,mbp.hd_card_dms_mon_sales_est_age,
w20_cduse_amt,mbp.hd_card_dms_mon_sales_est_age,
w20_sale_amt,mbp.hd_card_dms_mon_sales_est_age,
w30_cduse_amt,mbp.hd_card_dms_mon_sales_est_age,
w30_sale_amt,mbp.hd_card_dms_mon_sales_est_age,
w40_cduse_amt,mbp.hd_card_dms_mon_sales_est_age,
w40_sale_amt,mbp.hd_card_dms_mon_sales_est_age,
w50_cduse_amt,mbp.hd_card_dms_mon_sales_est_age,
w50_sale_amt,mbp.hd_card_dms_mon_sales_est_age,
w60_cduse_amt,mbp.hd_card_dms_mon_sales_est_age,
w60_sale_amt,mbp.hd_card_dms_mon_sales_est_age,
waypoint1_lat,indb.tmap_rprsd,
waypoint1_lon,indb.tmap_rprsd,
waypoint1_poiid,indb.tmap_rprsd,
waypoint1_rpflag,indb.tmap_rprsd,
waypoint2_lat,indb.tmap_rprsd,
waypoint2_lon,indb.tmap_rprsd,
waypoint2_poiid,indb.tmap_rprsd,
waypoint2_rpflag,indb.tmap_rprsd,
wed_apv_cnt,mbp.hd_card_tms_mon_scls_sales_est_wkdy,
wed_cduse_amt,mbp.query_hive_16500,
wed_price,mbp.hd_card_tms_mon_scls_sales_est_wkdy,
wed_sale_amt,mbp.query_hive_16500,
week_apv_cnt,indb.life_style_tms_mon_scls_sales_est_wh_so_area_scls_list,
week_p,indb.life_style_tms_mon_scls_sales_est_wh_so_area_scls_list,
week_per,mbp.parking_index_vehicle_per,
week_price,indb.life_style_tms_mon_scls_sales_est_wh_so_area_scls_list,
week_sale_amt,indb.life_style_tms_mon_scls_sales_est_wh_so_area_scls_list,
weekend_apv_cnt,indb.life_style_tms_mon_scls_sales_est_wh_so_area_scls_list,
weekend_p,indb.life_style_tms_mon_scls_sales_est_wh_so_area_scls_list,
weekend_per,mbp.parking_index_vehicle_per,
weekend_price,indb.life_style_tms_mon_scls_sales_est_wh_so_area_scls_list,
weekend_sale_amt,indb.life_style_tms_mon_scls_sales_est_wh_so_area_scls_list,
wide_band,indb.cms_enb,
wifi_5g_mac,mbp.twifi_ap,
wifi_mac,mbp.twifi_ap,
wkdy,indb.life_style_tms_mon_scls_sales_est_wkdy_so_area_scls_list,
wkdy_cd,mbp.hd_card_dms_mon_sales_est_det,
wkt,mbp.rto_so_area,
wlf_dc_cl_cd,indb.td_zord_wlf_dc_cust_hst,
wlf_rdtn_typ_cd,indb.td_zord_wlf_dc_cust_hst,
wlf_rlse_rsn_cd,indb.td_zord_wlf_dc_cust_hst,
wman_apv_cnt_10g,mbp.hd_card_tms_mon_scls_sales_est_age,
wman_apv_cnt_20g,mbp.hd_card_tms_mon_scls_sales_est_age,
wman_apv_cnt_30g,mbp.hd_card_tms_mon_scls_sales_est_age,
wman_apv_cnt_40g,mbp.hd_card_tms_mon_scls_sales_est_age,
wman_apv_cnt_50g,mbp.hd_card_tms_mon_scls_sales_est_age,
wman_apv_cnt_60gu,mbp.hd_card_tms_mon_scls_sales_est_age,
wman_cnt_14_l,mbp.quarter_dmp_wk_plc_pop,
wman_cnt_15_19,mbp.quarter_dmp_wk_plc_pop,
wman_cnt_20_24,mbp.quarter_dmp_wk_plc_pop,
wman_cnt_25_29,mbp.quarter_dmp_wk_plc_pop,
wman_cnt_30_34,mbp.quarter_dmp_wk_plc_pop,
wman_cnt_35_39,mbp.quarter_dmp_wk_plc_pop,
wman_cnt_40_44,mbp.quarter_dmp_wk_plc_pop,
wman_cnt_45_49,mbp.quarter_dmp_wk_plc_pop,
wman_cnt_50_54,mbp.quarter_dmp_wk_plc_pop,
wman_cnt_55_59,mbp.quarter_dmp_wk_plc_pop,
wman_cnt_60_64,mbp.quarter_dmp_wk_plc_pop,
wman_cnt_65_u,mbp.quarter_dmp_wk_plc_pop,
wman_price_10g,mbp.hd_card_tms_mon_scls_sales_est_age,
wman_price_20g,mbp.hd_card_tms_mon_scls_sales_est_age,
wman_price_30g,mbp.hd_card_tms_mon_scls_sales_est_age,
wman_price_40g,mbp.hd_card_tms_mon_scls_sales_est_age,
wman_price_50g,mbp.hd_card_tms_mon_scls_sales_est_age,
wman_price_60gu,mbp.hd_card_tms_mon_scls_sales_est_age,
wman_sale_amt_10g,mbp.hd_card_tms_mon_scls_sales_est_age,
wman_sale_amt_20g,mbp.hd_card_tms_mon_scls_sales_est_age,
wman_sale_amt_30g,mbp.hd_card_tms_mon_scls_sales_est_age,
wman_sale_amt_40g,mbp.hd_card_tms_mon_scls_sales_est_age,
wman_sale_amt_50g,mbp.hd_card_tms_mon_scls_sales_est_age,
wman_sale_amt_60gu,mbp.hd_card_tms_mon_scls_sales_est_age,
work_census,indb.biz_adm_ingu,
work_do,indb.biz_adm_ingu,
work_dong,indb.biz_adm_ingu,
work_gu,indb.biz_adm_ingu,
work_rate,mbp.bloc_work_monthly,
work_tce,indb.cms_bts,
wpcell_id,indb.pcell_wcdma,
x_coord,mbp.quarter_xxx_biz_std_land_price,
xcrd,mbp.hd_card_bizmstr_close_building,
xcus_sqmr,mbp.r114_shop_rent_so_area,
xpos,mbp.rto_remake_tmp_before1,
y_coord,mbp.quarter_xxx_biz_std_land_price,
yage,indb.base_fmly_rel_pred_monthly,
ycrd,mbp.hd_card_bizmstr_close_building,
year,mbp.comm_holidays,
ym,mbp.parking_time_xy_monthly_t2,
ymd_nm,mbp.r114_shop_rent_so_area,
ypos,mbp.rto_remake_tmp_before1,
ysex,indb.base_fmly_rel_pred_monthly,
ysvc_mgmt_num,indb.base_fmly_rel_pred_monthly,
zip,indb.td_zord_svc_addr_ref,
zip_cd,indb.tmap_poimeta_monthly,
zone_nm,mbp.r114_dmr_housing,
,mbp.twifi_ap,
